1.0,2.975172489971209e-17
1.0,7.074890354795611e-28
1.261009210304729e-32,1.0
2.165263006938329e-20,1.0
2.8523391984270913e-23,1.0
1.0,3.231594927036632e-36
2.411565907865908e-44,1.0
0.916371647910651,0.08362835208934903
2.1087142421817538e-22,1.0
1.0,3.9742997947518466e-32
0.010025726716042717,0.9899742732839574
7.948453321314876e-33,1.0
1.0,6.70103588716885e-33
0.9999999999999999,1.2357870075148472e-16
1.0,1.0728619383914542e-26
1.5674265825915458e-9,0.9999999984325734
1.0,2.6938916837010314e-25
2.7715397364209764e-11,0.9999999999722846
9.654368818947656e-22,1.0
3.730785524546729e-18,1.0
2.8801136346509887e-13,0.999999999999712
1.8485964380153004e-13,0.9999999999998151
0.946709396639175,0.05329060336082511
1.0,1.3658055691851918e-54
1.975299935878376e-10,0.99999999980247
1.0,6.480843550651721e-21
1.0608730826186173e-14,0.9999999999999893
1.0,3.38649004665541e-23
5.648436010983359e-9,0.999999994351564
2.516292673341235e-34,1.0
1.0,1.8715421070595611e-34
4.097060117515297e-29,1.0
1.0,1.1656541690301662e-17
3.1221991281641984e-16,0.9999999999999998
1.0,1.3457922100219959e-27
1.0,1.1748064020284295e-48
0.9999999999843624,1.5637607365310173e-11
0.004156532478372505,0.9958434675216274
1.0,9.128878941265043e-29
1.0354632260550424e-10,0.9999999998964537
8.476351658073312e-27,1.0
1.0,1.8912063778554223e-49
1.0,3.2577184970300153e-34
1.1818811608383089e-17,1.0
1.0,2.7992922369762735e-40
2.0320527233048312e-25,1.0
0.9999999999976853,2.3148375646543334e-12
1.0,3.775371252271869e-17
3.7552347157514136e-34,1.0
1.0,5.9550193875604344e-24
1.0,1.7590156490432408e-18
1.6087677770953642e-13,0.9999999999998391
1.0,6.649844866740272e-29
3.34597460981221e-26,1.0
1.0,6.700038520001949e-33
0.004594623912609455,0.9954053760873905
6.580629818077454e-23,1.0
1.029427625677855e-26,1.0
1.0,6.016372581155814e-28
1.0,9.875652993914707e-21
1.0,3.1782201339214355e-35
3.1886037985344466e-11,0.9999999999681141
0.00002317541412834629,0.9999768245858717
9.444984850348887e-16,0.9999999999999991
1.6830547535749652e-13,0.9999999999998317
9.830842852490352e-17,0.9999999999999999
0.29375269865778075,0.7062473013422194
1.0,1.0371968065784898e-31
0.9999999999995127,4.872868321764619e-13
1.7285271628935498e-10,0.9999999998271474
1.0,4.6680996444229804e-24
2.213819922591385e-22,1.0
1.0,7.453276448447574e-55
2.6439797723388966e-25,1.0
3.225061259137853e-19,1.0
0.99999999832707,1.6729300970171544e-9
1.0,2.757031402824405e-37
1.0,1.37588452797226e-19
1.0,2.806653278506014e-27
1.2876998850382084e-35,1.0
1.0,3.3625401124107323e-28
1.0,8.032465932759295e-41
0.9999999999999996,4.2200858618175814e-16
5.243951408607517e-34,1.0
1.0,7.825062469497083e-19
1.0,3.900101585461402e-28
1.3024175043274388e-25,1.0
1.0,1.4631384367627365e-39
1.0,5.852369684870412e-31
1.0,5.32993933471295e-21
1.0,2.837911498889787e-38
1.637968225189461e-29,1.0
1.4335661001154542e-28,1.0
0.1253707832289071,0.874629216771093
1.0,1.3337791306145804e-17
1.0,5.229040794655161e-66
1.0,7.936366132588252e-31
1.0,3.131343562007493e-20
0.9050184534707928,0.09498154652920718
1.2907791191992731e-20,1.0
1.0,8.133881225439916e-30
1.1282471532460735e-26,1.0
1.0,1.7229584092166142e-29
0.013224836646961812,0.9867751633530382
1.0,1.4308944273509884e-33
1.0,3.6589612057792683e-20
1.0,2.715561440993994e-20
1.4266513995825032e-19,1.0
1.2156503128834897e-19,1.0
6.822597946153992e-35,1.0
2.0391295011404563e-13,0.999999999999796
2.688670863467471e-8,0.9999999731132914
4.726344477867585e-13,0.9999999999995275
1.2603564861111014e-12,0.9999999999987397
6.156183813406212e-17,0.9999999999999999
1.0,1.8934167416743258e-30
0.0010593947524886608,0.9989406052475114
9.581246626275964e-28,1.0
1.5869484517551357e-27,1.0
0.9999999999854803,1.4519761598090489e-11
1.0,7.505323601962963e-20
2.730895729673333e-16,0.9999999999999998
1.082497599601058e-37,1.0
1.2991277420352055e-20,1.0
1.0,4.3849400899574085e-17
0.0009340267872898607,0.9990659732127103
2.01624071680956e-32,1.0
3.093071611783969e-30,1.0
0.0018297926583026717,0.9981702073416974
1.0,6.787207040450266e-35
9.960684149025405e-13,0.9999999999990039
1.0,1.9919707100791877e-36
1.0,1.0757362037021181e-21
2.8505649968761737e-14,0.9999999999999715
4.542262698266045e-21,1.0
2.6489822786750053e-8,0.9999999735101771
1.0,7.098013817501119e-36
1.539769770685109e-12,0.9999999999984602
4.988662550275665e-22,1.0
1.0,2.410950804258725e-41
0.9999999999999795,2.0539233268280918e-14
1.0,4.95640489175981e-29
1.4608359910089923e-13,0.9999999999998539
3.213007365924263e-19,1.0
9.772423008674609e-16,0.9999999999999991
1.0,9.582895838805017e-27
1.0,3.911332752884397e-32
5.6442218186131964e-21,1.0
0.9999999999999999,1.2461574874459652e-16
1.0,1.635990913710327e-27
2.0833364062187945e-22,1.0
1.0,9.371354621841318e-40
9.97734926851438e-25,1.0
1.0,2.9211749382340826e-22
1.0,7.73250073007663e-26
6.574577930135826e-14,0.9999999999999343
6.037595355413091e-13,0.9999999999993963
2.5661909179493502e-37,1.0
0.9999999999978892,2.110789642323991e-12
1.6296199161353086e-12,0.9999999999983704
8.461157340588586e-41,1.0
0.9999999999999999,7.163520116761259e-17
1.0,4.6247565508314007e-32
0.9999999999999385,6.141648412250493e-14
0.9999999999999905,9.58857065057657e-15
1.0,1.0231063077405757e-37
1.0,5.9205067193494035e-22
5.0869676323052525e-20,1.0
1.0,2.29867176038965e-26
1.4233329719534203e-10,0.9999999998576666
1.0,8.317975473400714e-18
1.0,1.1160638109888511e-17
4.9633816525375203e-23,1.0
1.0,5.632400238245412e-28
1.0,2.211593564113997e-27
4.347185327280457e-24,1.0
8.814053769347009e-22,1.0
1.0,4.306596673013319e-35
1.7703044360749505e-12,0.9999999999982296
7.442164659723648e-23,1.0
1.0,8.355403068025277e-60
0.9999999999988813,1.1186836737041938e-12
2.2315230913873925e-13,0.9999999999997768
1.0,3.1946640919258502e-19
1.0,6.778124652083619e-22
2.138268117289364e-20,1.0
1.0,3.594459902198755e-21
1.0,2.1292274215314183e-30
1.5391923533616525e-10,0.9999999998460808
0.9999999999999963,3.668171323438414e-15
1.0,4.118992431499778e-31
1.1988737533667477e-17,1.0
1.0,5.392029040674147e-35
1.86630508021665e-17,1.0
1.0,2.705388081572102e-29
4.59458543033663e-13,0.9999999999995405
0.9999980317909906,1.968209009481332e-6
1.0,8.574327696542716e-27
1.2351551465778122e-12,0.9999999999987649
4.149506501270867e-16,0.9999999999999996
1.0,1.4604023757821326e-23
5.955147279791045e-29,1.0
1.0,5.301610655763543e-24
1.0,1.3150637799062714e-33
3.9988786310982615e-30,1.0
2.512846872305646e-18,1.0
0.9999999946582581,5.341741998885578e-9
0.9999999995103672,4.896328461490649e-10
1.0,1.9531059931426218e-33
1.0,1.0804542464805717e-25
5.551974562204937e-34,1.0
3.187881903264901e-38,1.0
1.0,6.620235487580414e-22
3.816870076288105e-36,1.0
1.0,1.831158073343918e-27
1.0359304797390866e-28,1.0
3.773639474879426e-21,1.0
9.47201780462603e-38,1.0
0.05329866644282203,0.946701333557178
1.0,3.285874840253406e-17
8.667001318562892e-11,0.99999999991333
1.0,1.8689569978629208e-18
1.7292497399296764e-8,0.9999999827075027
0.9999999999999973,2.555784074644221e-15
1.4277574539093223e-40,1.0
5.397860340129326e-10,0.999999999460214
3.3257461428328587e-19,1.0
1.0,3.609583655892756e-27
0.02679003404916497,0.9732099659508351
1.3294747659476225e-16,0.9999999999999998
1.0,5.757805091671338e-26
7.790442878212616e-33,1.0
1.0,1.5609200257962851e-31
8.403135006293226e-38,1.0
7.421440661940241e-17,0.9999999999999999
1.2647043240653775e-7,0.9999998735295675
0.9999999980641476,1.9358524361347196e-9
3.382453082644998e-17,1.0
1.0,5.466039272882142e-25
1.0,7.804461175791793e-20
2.5237711704584554e-25,1.0
1.0,1.3418335360396991e-27
2.5039886683817105e-28,1.0
1.0,3.751133119754351e-36
1.0,1.0206529127812812e-31
6.5307810228295995e-6,0.9999934692189772
3.46791888552049e-15,0.9999999999999966
1.0,9.265045828331293e-40
2.0982680179501215e-10,0.9999999997901733
0.18855058046182663,0.8114494195381734
4.100200603362545e-22,1.0
4.4215255279846603e-14,0.9999999999999557
1.1705258619702859e-27,1.0
1.0,4.121907103345554e-38
4.067480334286251e-11,0.9999999999593251
1.0,9.281656319613606e-30
1.0,8.061787670635815e-31
1.331420573114053e-28,1.0
4.463273828574628e-16,0.9999999999999996
1.0369694669554832e-22,1.0
4.4320602724362246e-15,0.9999999999999956
1.0,6.999575329545783e-24
0.00437390619670811,0.9956260938032918
1.0,3.816545451208642e-28
7.159717241250146e-12,0.9999999999928402
0.9924025371483157,0.00759746285168425
5.572984296902995e-21,1.0
1.679667594273773e-21,1.0
8.598230361100046e-45,1.0
0.998829988977016,0.0011700110229839673
2.880278431837433e-17,1.0
1.367918689661368e-19,1.0
1.0,2.646648775362339e-39
3.181846024955062e-33,1.0
1.0,3.7095454226829723e-45
1.0,2.221242932189213e-25
1.0,1.712757302643672e-26
1.0,1.4197061841606655e-25
4.073941510905604e-15,0.999999999999996
1.357920089848409e-12,0.9999999999986421
7.800270648705796e-25,1.0
1.0,3.475403376968242e-42
1.0,4.639081084702777e-31
0.13698754794038936,0.8630124520596105
8.133990071194061e-30,1.0
4.1165142482679694e-15,0.9999999999999959
1.0,7.014448834262652e-21
2.3382283292400976e-10,0.9999999997661772
0.00004170570843616097,0.9999582942915639
1.0,6.568053925933602e-56
0.9999999999995808,4.1919089169218993e-13
1.0,4.309184198786153e-20
1.0,6.733363121378455e-24
1.0,3.0233495544686993e-27
0.9999999999831691,1.6830949880939853e-11
1.2899482797262142e-23,1.0
2.848336905371329e-37,1.0
3.6488049562115625e-6,0.9999963511950437
1.0,1.717885461662279e-39
0.9999999999999608,3.923752201268687e-14
2.5546114080924307e-10,0.9999999997445389
1.0,7.7236138262182164e-31
2.195259311399979e-28,1.0
1.4323416383817629e-27,1.0
1.0,1.293480114019163e-50
1.0385389507454635e-18,1.0
5.019660405819628e-22,1.0
2.4915882393176358e-42,1.0
1.0,2.104835974065655e-34
2.9069492510722044e-16,0.9999999999999998
2.8449816536101957e-22,1.0
1.0,4.543505017685012e-31
1.0,1.2503941089531213e-22
3.319212446812459e-37,1.0
5.880234920533568e-26,1.0
1.7134354875980048e-32,1.0
1.0,2.0835595185576353e-31
1.0785311547364808e-24,1.0
1.5201072932819552e-28,1.0
8.599377241319188e-20,1.0
1.0,1.6003222580279735e-33
1.0,2.728295805581384e-26
1.0,2.1714996978147627e-18
0.0001318984208876039,0.9998681015791124
0.000013261238891482773,0.9999867387611086
2.53028178495326e-21,1.0
7.443545129169873e-31,1.0
1.737112873670389e-14,0.9999999999999826
9.399190890406543e-27,1.0
1.0,2.26798902752152e-28
1.835556607641771e-24,1.0
1.0,5.272867827891195e-55
1.6727187264121088e-20,1.0
2.732035877294279e-15,0.9999999999999973
0.9999983081435265,1.6918564734848728e-6
4.067614320534603e-35,1.0
0.012040871432798401,0.9879591285672016
2.235846730508994e-24,1.0
2.0047374519998834e-22,1.0
1.0,8.864531340535468e-27
1.0,2.7799403528256105e-17
1.0,2.254352966537437e-19
1.0,4.591938318801409e-42
1.107169208307056e-15,0.9999999999999989
3.648799489384253e-16,0.9999999999999996
1.279869976880212e-16,0.9999999999999998
0.9999992902449406,7.097550594392433e-7
2.978608124229818e-7,0.9999997021391877
0.9999999999992423,7.576251193768839e-13
0.9999999998838139,1.1618603402109133e-10
1.0,3.1123872508178688e-21
0.9999999999997956,2.0445397631970558e-13
8.114683742689014e-15,0.9999999999999918
1.3934375402412078e-16,0.9999999999999998
1.0,4.206867491900874e-24
1.0,5.879822691197482e-39
1.0,1.390358097110554e-20
1.962740384015738e-11,0.9999999999803726
1.2154117167872642e-10,0.9999999998784589
6.42707350225419e-7,0.9999993572926498
1.0,1.8597506161775538e-22
1.7889931201369225e-7,0.999999821100688
0.9694654985355252,0.030534501464474867
9.146990777973824e-20,1.0
0.9999999999991273,8.728777613021336e-13
0.8569709661903461,0.14302903380965395
1.0,8.816365694975687e-37
1.0,4.733868830432033e-54
1.080171629025138e-22,1.0
1.0,2.473332496387273e-28
1.0,2.508768513273411e-41
1.0,8.584126316769861e-28
1.0,2.349101083642657e-27
1.0,7.833130288887132e-28
4.889641972848783e-17,1.0
1.0,7.284055291773855e-24
0.9999990052468078,9.947531920730899e-7
1.0,9.510125590194277e-28
2.69805995024996e-33,1.0
1.0,5.337997393342767e-32
0.9999999999983639,1.6362217739255478e-12
2.2523200710586133e-15,0.9999999999999977
9.3552297494781e-24,1.0
0.000012256779921659876,0.9999877432200784
3.864086698788927e-9,0.9999999961359133
4.298585814618419e-21,1.0
2.3066064773094025e-9,0.9999999976933934
1.0,2.3325750577050944e-27
0.9999999999993953,6.047832346479776e-13
1.0,3.3424578178864045e-42
1.0,7.989784798515615e-43
7.945860297174801e-16,0.9999999999999992
1.0,5.9292690603044534e-27
3.1843579927775074e-24,1.0
2.6700820463093224e-26,1.0
1.0,1.1038867308088257e-17
2.7346022177078646e-32,1.0
1.8123445776696252e-19,1.0
1.0,1.1980277726164778e-26
0.9999999985033752,1.496624754336589e-9
1.0,2.404953128636128e-31
2.165602980693132e-11,0.999999999978344
1.0368903915487634e-9,0.9999999989631096
1.0,1.3605677291857744e-27
1.0,1.0879631152060059e-42
1.0,6.993247357887369e-27
1.2948745505540273e-9,0.9999999987051253
1.0,3.7540284690902575e-21
8.731926435649311e-13,0.9999999999991268
1.8790957673208244e-31,1.0
1.9378599200136957e-15,0.999999999999998
0.999999999997706,2.2940598906396056e-12
2.69767391952943e-19,1.0
2.6187486972708347e-12,0.9999999999973813
1.0,2.1501495743604954e-32
1.0,1.9260590418689497e-53
1.0,1.0284647730197264e-34
1.8292061597790486e-19,1.0
1.6696797686399344e-15,0.9999999999999983
4.2675499327600287e-13,0.9999999999995732
1.7269409740982653e-22,1.0
1.0,8.484676693868452e-21
0.9999999999999999,1.2494685842013844e-16
1.0,7.174417223588102e-40
5.755048835590722e-26,1.0
1.0,9.019301656033692e-35
0.9999999999999998,2.1933454386058006e-16
1.0,7.890700284209178e-29
7.566482964766498e-10,0.9999999992433517
2.3531094751030665e-29,1.0
1.0,9.136719527919286e-23
1.387170665982315e-19,1.0
1.0,6.5543796542745235e-25
1.0,4.877454206644035e-21
0.9999999998369303,1.6306972273587954e-10
0.9999999999995418,4.581718524106534e-13
1.3087155921628801e-33,1.0
1.0,3.945334112322363e-30
1.845872641499121e-12,0.9999999999981541
0.0001924850065178727,0.9998075149934822
2.4508968480539783e-17,1.0
1.0,1.0392157720479468e-25
2.0552256135491125e-15,0.999999999999998
9.949385432742613e-31,1.0
1.0,2.6811372646083423e-42
1.0,9.183606672991373e-34
3.2850358523262206e-17,1.0
8.09007278239427e-16,0.9999999999999991
1.0,6.063208407514533e-26
0.9999999999999998,2.063366230828356e-16
4.220875238770794e-12,0.9999999999957792
1.0,7.515248542771732e-20
1.0,7.984797441210069e-22
1.0,7.055445930174625e-28
4.895542184730769e-10,0.9999999995104458
1.0,4.9418835538311434e-24
0.9999911288629107,8.871137089298379e-6
6.613571782404202e-13,0.9999999999993386
5.746893354816582e-21,1.0
5.593924781023621e-25,1.0
1.0,1.3232884660453633e-60
1.4599896078553004e-17,1.0
1.0524374860988253e-20,1.0
1.0,8.602660727268961e-21
1.5978932622752516e-28,1.0
1.3642917719119294e-32,1.0
1.0755691141079452e-34,1.0
1.0,8.967405586424894e-21
1.0,1.847935897512867e-33
1.0,2.830046414704945e-41
2.1575590468663534e-22,1.0
1.0,1.7740456388330906e-39
0.0010615433166490174,0.9989384566833509
4.2846747832635685e-21,1.0
0.9999999910362544,8.963745706546261e-9
1.0,2.887684470569173e-40
1.0,2.2002667662882586e-37
2.0593812839191932e-24,1.0
1.0,8.531496803243229e-23
1.0,1.5404635589802655e-38
1.0,8.63281260380076e-24
1.0,1.1812047688884648e-48
1.0,6.488042348816031e-25
0.9999994938917992,5.06108200838403e-7
3.227820026970702e-16,0.9999999999999998
2.69955546216185e-38,1.0
2.0698860844697586e-27,1.0
6.4004816265532605e-12,0.9999999999935995
1.8144419671700084e-9,0.999999998185558
0.9429762397916148,0.057023760208385135
1.0,5.531749657784971e-29
4.09929217615098e-24,1.0
3.048111761692514e-14,0.9999999999999696
1.0,1.3280305433486985e-36
1.0,3.2445394800245607e-44
1.0,5.7992990879230965e-27
1.0,2.883804677178938e-44
1.1419064147477154e-24,1.0
4.991463733891609e-20,1.0
9.671021118697634e-36,1.0
1.0,4.0301149780699425e-32
1.0,7.519368385816298e-28
1.0,5.493723148491306e-33
1.5773473803340817e-19,1.0
1.0,2.0783904321897514e-30
2.8478850056426726e-35,1.0
5.342624044862601e-21,1.0
0.9999999999999998,1.9950742553645838e-16
1.0,5.684657767872549e-31
5.758913815064035e-22,1.0
4.912849847510065e-11,0.9999999999508716
0.9999999998828917,1.17108266996798e-10
1.0,5.6784461510208115e-28
8.906328593304829e-15,0.9999999999999911
5.973082750707826e-13,0.9999999999994026
2.361347980840161e-12,0.9999999999976387
1.0,3.1207927767886147e-37
0.9999999999974573,2.542725179055465e-12
2.0905360569329492e-34,1.0
9.502870360779349e-21,1.0
1.3132425919298102e-11,0.9999999999868675
1.0949232210718202e-17,1.0
0.9999999999922471,7.752896340618236e-12
1.0,1.0087994871860906e-34
1.0,1.0008948148361765e-22
2.4447847090551624e-16,0.9999999999999998
1.0,8.793270554610723e-32
1.0,4.648915761286064e-18
5.8949943418626824e-36,1.0
1.0,2.5598826383110465e-29
7.858512057596246e-7,0.9999992141487942
7.285279209409993e-9,0.9999999927147207
1.0,1.350605549204408e-31
5.90641690955824e-16,0.9999999999999994
4.061027589272175e-20,1.0
1.0,1.457170915206878e-54
5.225150192261541e-32,1.0
0.9999999999999358,6.42677182683022e-14
1.0,4.566943359025712e-29
0.9999999999999956,4.502723832314244e-15
1.638247853712572e-30,1.0
0.8381605515152262,0.16183944848477377
4.7886775059323935e-27,1.0
1.4205186365801376e-20,1.0
0.9999999999998083,1.918176132637201e-13
1.8018468962817168e-7,0.9999998198153103
1.0,5.902700959866089e-21
0.9999999999999906,9.453787406700375e-15
0.9999737226310259,0.000026277368974173215
4.4289288816360036e-33,1.0
0.999999999999998,1.9165045670818874e-15
1.0,4.888868630338638e-39
2.3460343735673404e-32,1.0
5.119057060868801e-16,0.9999999999999994
1.0,2.400882268825175e-37
4.4142232777545286e-29,1.0
0.9999999999196091,8.039093336699073e-11
1.0,2.7744033583396063e-28
0.9999999999999113,8.871353908086837e-14
3.1611278811816337e-34,1.0
1.2667907392754651e-37,1.0
6.739171422467666e-11,0.9999999999326082
1.0,7.008154345215528e-39
2.5826060881818464e-26,1.0
1.0,4.003405956798222e-23
1.0,2.298255362903049e-29
3.948750372638984e-18,1.0
0.9999999999652125,3.4787502348452356e-11
1.0,8.247985311214074e-65
2.342781009060927e-12,0.9999999999976572
2.1654658083769424e-26,1.0
1.0,6.964372491791443e-21
2.2423983667794493e-26,1.0
1.0,7.995944703039879e-44
9.979089285436421e-18,1.0
5.3324730141497934e-30,1.0
9.515226451119751e-22,1.0
5.493570609147503e-19,1.0
5.1816354565946126e-18,1.0
1.0,8.889871935842911e-49
0.9999999999950042,4.995832816836855e-12
1.0,7.355637490821622e-27
2.758254064321764e-19,1.0
1.0,5.069868857785708e-35
3.4856247024446328e-6,0.9999965143752976
1.0,1.660532605354878e-24
1.0,1.16689754147019e-40
5.824293284043361e-20,1.0
6.370892263988548e-26,1.0
1.0,4.844128857000877e-34
5.6343119729812645e-22,1.0
0.979630384873776,0.020369615126224087
1.0,3.9001729568110634e-54
1.0,1.7755724851169633e-26
1.563652344051371e-24,1.0
1.0,1.0886407261132054e-27
1.0,1.497853211845066e-23
1.0,2.7567372928895936e-17
1.8466669710003217e-16,0.9999999999999998
0.9999999999942577,5.742231409092995e-12
3.568978594188829e-11,0.9999999999643101
1.0,5.3427665328966965e-19
1.0665969284017818e-19,1.0
3.7246448771363886e-30,1.0
1.0,1.4286470849104022e-23
1.0,2.0200795765966544e-34
9.623098012567457e-25,1.0
1.0,1.2265670900979108e-25
1.635966810235982e-28,1.0
0.9999999999995015,4.983679608086697e-13
1.0,1.2108840777011009e-51
0.9999999999999968,3.27263144447293e-15
8.026642741172844e-20,1.0
0.000014639397801929028,0.9999853606021981
2.923642372343893e-8,0.9999999707635763
1.0,1.3043556763802617e-36
1.0928205136611571e-26,1.0
1.0,6.069412952603007e-47
1.6523650450437915e-38,1.0
0.11098672387707192,0.8890132761229281
1.0,1.2144397611984234e-35
2.321380619341467e-18,1.0
1.0,6.2349070966198554e-24
2.9287976772689088e-21,1.0
1.0,6.249784062487208e-34
6.485148259444235e-24,1.0
1.0,4.929751770469236e-25
2.6478236764939525e-14,0.9999999999999735
6.728584069362062e-14,0.9999999999999327
1.0,1.3957490711609318e-18
8.984391823228884e-22,1.0
1.0,4.814508002658053e-42
1.0,4.855983702173246e-48
1.0,2.919127655346253e-33
1.0,1.7036947022364134e-26
1.9967743393195122e-29,1.0
5.640060985552144e-27,1.0
3.405230192035165e-20,1.0
1.385591436424668e-33,1.0
0.9973422279970907,0.002657772002909286
1.0,5.081545062042723e-32
0.9999999905805154,9.419484691780479e-9
1.0,2.056099424682527e-32
1.0,3.3549173320414595e-34
0.9999999999999938,6.200664473947573e-15
1.0,1.3807419176920696e-22
0.9999999999982384,1.7616519351060684e-12
1.0,6.892036987923473e-21
1.0,2.3092295864062932e-38
9.859270865944595e-20,1.0
1.0,2.4900037047637644e-23
1.0,5.346702570528623e-51
1.0,6.081286323186771e-38
4.601227150070117e-18,1.0
1.0,1.4080966982628e-49
1.0,1.4213910810057466e-20
1.0,1.6252568986536125e-45
7.701610222139874e-22,1.0
1.0,2.1434388451910496e-40
5.037404220394155e-18,1.0
1.0,1.5173497403604917e-19
5.32661503777512e-26,1.0
1.0,1.0516419874298458e-22
1.0,9.413054575628286e-35
3.261624977206543e-8,0.9999999673837503
1.0,4.3070968113824245e-21
1.0,3.693682670087552e-28
0.9999999999954305,4.569443161144315e-12
0.9999999999999983,1.5660695675186624e-15
1.0,3.1945521974516767e-21
1.0,6.44254150945983e-31
4.323372068632998e-24,1.0
9.37914475618958e-8,0.9999999062085524
7.99647643966292e-6,0.9999920035235604
0.9999999999950367,4.9632378208582894e-12
9.237894858278784e-28,1.0
1.0,3.701706958282071e-19
0.999999999999998,2.1291522579345625e-15
4.019526423953537e-26,1.0
1.0,5.401144326674742e-36
1.0,1.4488147530210296e-29
1.0,6.91244200155403e-27
0.999999993155051,6.844949048625347e-9
1.0,1.5204349979355546e-29
1.4537577090062506e-15,0.9999999999999986
0.9999999998662684,1.33731596676902e-10
3.6004074742585597e-13,0.99999999999964
0.999998805208543,1.194791456973181e-6
1.0,4.5470644020364867e-29
1.0,3.600770041449044e-19
2.0210986072638822e-29,1.0
1.401361081817215e-9,0.9999999985986389
8.082633352894367e-21,1.0
1.0,3.768106244470833e-40
0.0003080402195959802,0.999691959780404
1.0,7.016113660206308e-37
1.0,2.1519495325317338e-29
8.379245353121377e-18,1.0
3.1189818029379856e-23,1.0
7.866401073158749e-15,0.9999999999999921
1.0,3.175671498402961e-35
1.0,2.5324096232173225e-71
2.265480521310969e-24,1.0
1.552150254512918e-24,1.0
1.0,9.12075450935078e-38
1.2166323597930824e-20,1.0
1.0,4.069312187022937e-27
1.0,1.1637388361138923e-22
1.085544304310739e-38,1.0
1.0,5.967655687113252e-32
2.301586263589298e-24,1.0
1.8644158263115698e-19,1.0
7.206584893265681e-16,0.9999999999999992
1.0,3.843507504028139e-55
1.0,2.2447244635184793e-31
1.0,7.142469422473183e-27
0.9999999999987212,1.2788384161752428e-12
3.168753274793506e-25,1.0
1.0,8.074153304253416e-43
1.0,9.175834649034125e-25
1.9331387204148087e-14,0.9999999999999807
1.0,4.3602410259653296e-44
1.0,1.8413687604860034e-28
1.0,1.5259281377192652e-35
1.9475807735663182e-20,1.0
3.6411061425731235e-32,1.0
1.0,2.0540289137144546e-34
2.4542503079776588e-15,0.9999999999999977
2.952624569415881e-22,1.0
4.507843183665419e-9,0.9999999954921568
2.7548306951709417e-12,0.9999999999972452
1.0,2.0979379142341519e-47
1.0,1.678505542145804e-40
0.05731629453804952,0.9426837054619503
1.7751324573113818e-11,0.9999999999822486
1.5075792425397547e-8,0.9999999849242076
4.562260131550554e-24,1.0
0.9999999671280345,3.287196544527956e-8
0.9999999999999999,6.319750418429197e-17
1.0,5.464615114978049e-34
0.9999999999996967,3.0327757196394545e-13
1.0,4.848248960041915e-38
1.0,9.993272420001855e-41
0.999999999999927,7.307825215706183e-14
5.957461801051985e-8,0.999999940425382
1.7487030321265224e-7,0.9999998251296969
1.0,8.8350866843727e-18
1.0,1.3516944245122774e-32
4.4700282441191995e-10,0.9999999995529971
1.124087951722603e-9,0.9999999988759121
9.949176804055339e-13,0.9999999999990051
1.0,7.188645763868922e-19
2.0347784227829565e-10,0.9999999997965222
2.87843042610281e-20,1.0
2.0894342971326388e-18,1.0
1.2522062951019012e-18,1.0
8.037407339778099e-27,1.0
1.0,1.2233504413827736e-23
1.0,5.235258963770862e-57
8.163651250238762e-24,1.0
9.569522668366333e-11,0.9999999999043048
1.0,7.890280868554544e-32
1.9907555774441425e-11,0.9999999999800925
1.3580387068269095e-33,1.0
1.0,2.2077108845689986e-43
1.0,3.1266669677823653e-21
1.0,2.95786867289542e-47
4.427908347024853e-18,1.0
2.322408856381413e-9,0.9999999976775912
1.0,9.316348021874327e-20
0.999999999999994,5.964447810011173e-15
1.0,2.5141518663432374e-20
0.9999999999988365,1.163456064377192e-12
1.823640759690463e-19,1.0
1.0,3.166858648823802e-31
1.5680432950914263e-16,0.9999999999999998
1.0,2.645453286958296e-21
1.0,7.641081541602782e-41
1.0,6.343829914236424e-39
1.0,8.107322670894977e-26
1.0,2.229281372557227e-18
1.0,1.2074330135742818e-46
1.0,1.6950675937318575e-33
1.0,2.564391330672067e-33
1.0,1.8215026453898798e-34
4.547289298996269e-16,0.9999999999999996
1.5348106446278532e-11,0.9999999999846519
1.0,4.394102070774333e-30
1.0,4.191476886692956e-31
1.0,3.806626866408185e-18
2.4955403836507585e-18,1.0
2.437921998174836e-15,0.9999999999999977
6.855969966970322e-23,1.0
1.0,8.247560020251525e-18
3.602111882954902e-23,1.0
0.9999999999999913,8.67647301022827e-15
1.0,2.1073390375045755e-50
1.935864401620905e-10,0.9999999998064135
1.702577444832196e-26,1.0
4.77708820048394e-18,1.0
0.999197805548077,0.0008021944519229147
1.0,1.883367128392739e-38
0.9999999999712345,2.8765502679365575e-11
1.0,4.295271174904284e-26
1.0,8.294708048378578e-25
1.0,3.9806645989161697e-28
0.9999999999999856,1.437292260940451e-14
6.396527618990103e-12,0.9999999999936036
1.3479168216912154e-15,0.9999999999999987
1.4924950929077346e-19,1.0
1.7570267858515741e-13,0.9999999999998243
0.0001417524259232075,0.9998582475740768
5.447043001355482e-16,0.9999999999999994
3.801588094597401e-13,0.9999999999996197
1.094480013827298e-31,1.0
1.849718395043354e-25,1.0
1.0,1.6455522131529833e-27
2.9129405343140067e-52,1.0
5.470759081487109e-24,1.0
1.0102596018160116e-14,0.9999999999999898
0.008224031922154698,0.9917759680778453
1.0,1.1367517961011506e-34
8.964007894290319e-8,0.999999910359921
0.9999914578862659,8.542113734120589e-6
2.1404409586044147e-17,1.0
5.647968333527286e-24,1.0
1.0,1.2679676726541897e-22
5.357557279761297e-16,0.9999999999999994
4.434978025553833e-23,1.0
4.2151665768030884e-29,1.0
2.1890716590194344e-21,1.0
4.6165621292922064e-20,1.0
1.0477491294545422e-18,1.0
1.0,4.4367106701693176e-36
0.9999999964124163,3.587583579583885e-9
1.0746419303396065e-18,1.0
0.9999999126938944,8.730610559916933e-8
1.0,7.277802820998003e-27
0.0001570558268051787,0.9998429441731949
1.3303402355683998e-19,1.0
5.934787904988176e-11,0.9999999999406521
5.505164706434898e-49,1.0
0.999999999778635,2.2136495826382264e-10
0.9999999999999372,6.279510769294446e-14
4.293432545679205e-13,0.9999999999995707
8.610065972642092e-29,1.0
4.0715698797219167e-25,1.0
0.27084522921995463,0.7291547707800453
3.3648535678041753e-22,1.0
0.00002607175217782751,0.9999739282478223
2.1776359606519932e-17,1.0
0.9999999994030474,5.969526771354083e-10
3.6511203476984723e-9,0.9999999963488796
1.0,2.4318698464660258e-21
1.0,4.804516291465938e-30
1.0,1.3204555361389364e-21
0.9999794382598702,0.000020561740129772982
8.286240446414304e-25,1.0
2.6324131114656742e-27,1.0
1.0,1.1210851773462623e-30
1.0,2.056906192461255e-25
3.584972792259623e-18,1.0
1.0,1.0513686322252551e-42
6.24055073264145e-19,1.0
1.0395660121486745e-6,0.9999989604339878
3.008160191858956e-17,1.0
1.0,3.616188484129398e-27
1.0,1.8129316130855984e-33
1.0,5.71012357260368e-20
8.818632693622708e-16,0.9999999999999991
2.954846673691771e-14,0.9999999999999705
1.0,1.2578918855453276e-31
1.0,6.636294680588798e-40
1.0,1.2633117476990636e-40
0.15680289224740562,0.8431971077525944
0.7894378196333324,0.21056218036666763
0.9999987594152214,1.240584778541294e-6
1.0,5.4773528179990845e-18
5.27940415703249e-34,1.0
0.9253418911981258,0.07465810880187412
0.9999999999999996,4.89736855174699e-16
1.0,7.66457605346288e-24
1.0073330518786884e-16,0.9999999999999999
1.0,1.1361393214370557e-29
2.4844947360776337e-16,0.9999999999999998
1.521901465774977e-8,0.9999999847809853
1.8693622272124216e-15,0.9999999999999981
1.3483547807547113e-19,1.0
4.709783831203298e-33,1.0
1.0,9.224206230047205e-54
1.0,5.281968160398539e-26
1.0,6.31083293048509e-36
0.0032048294293932997,0.9967951705706067
1.7989347370217017e-24,1.0
1.0,6.503267326422083e-29
4.2823085609896224e-26,1.0
2.5460521661834532e-8,0.9999999745394783
0.9999999999998913,1.0873828535914884e-13
1.0,6.78253913733725e-23
7.449947183388167e-23,1.0
1.0,5.364550576453847e-36
1.443481838554772e-43,1.0
1.4400118377626116e-29,1.0
4.3418965080039074e-37,1.0
9.758853930305281e-21,1.0
1.0765954208643853e-11,0.9999999999892341
1.0,4.410524897863553e-24
1.2700160677041566e-14,0.9999999999999872
0.9999999514920693,4.850793065382835e-8
0.9999999996268294,3.731706587906386e-10
1.0,1.8616778861517662e-23
1.0,3.202955031359087e-19
3.085917164460187e-12,0.9999999999969141
1.0,6.543076382525238e-25
1.0,1.1692213394197163e-26
1.0,2.6885256383757993e-25
6.88280224463718e-18,1.0
0.9999999999218518,7.814818214196939e-11
1.0,1.6179917779399363e-31
1.1612741916196407e-18,1.0
1.257040876113612e-37,1.0
2.207211107163699e-17,1.0
1.0,3.866767777584982e-18
3.659518640457385e-25,1.0
1.0,1.8661583000088368e-31
1.0,2.7962211197398756e-50
1.0,7.694089779698817e-21
1.1670731086163986e-10,0.9999999998832927
2.22768735911881e-17,1.0
1.0,1.956361782447601e-28
1.0,2.673155796456931e-32
0.9999999999986879,1.3120897139414648e-12
1.0,1.1420073562985974e-29
2.2035496741985717e-16,0.9999999999999998
1.3464642838769292e-8,0.9999999865353573
1.0,3.941717903704696e-33
1.0,1.147302162717794e-33
3.0628987549182503e-30,1.0
3.5464480739102905e-22,1.0
4.7547123875479186e-23,1.0
1.0,1.590765724273408e-26
0.9999999999999369,6.306022642715924e-14
0.00024843838919992963,0.9997515616108
1.0,1.2910527686082712e-23
2.3545939611132823e-18,1.0
1.0,2.4669589261211566e-25
5.238755897525167e-29,1.0
2.8027962285842752e-8,0.9999999719720377
2.289578814485247e-34,1.0
7.177268815996688e-8,0.9999999282273118
1.0,1.936455719781751e-27
0.999999999999476,5.239773901387298e-13
3.324880768033591e-11,0.9999999999667513
5.935350804453062e-11,0.9999999999406466
2.3366666192694048e-21,1.0
1.0,4.564234558970933e-27
1.0,1.4226858714062121e-41
1.0,1.2645654856796572e-28
0.9999999999999999,1.0356489094908792e-16
6.067396268835497e-19,1.0
1.0,2.930195160727962e-41
1.6060716033731513e-27,1.0
1.0,2.560762400358931e-34
1.0,1.0780098557107845e-33
1.0,9.962976099766618e-22
1.0,5.093419644713052e-24
5.96707654660422e-32,1.0
1.3515807216019359e-25,1.0
3.021849903909182e-25,1.0
1.0,2.0887871855963465e-33
1.0,1.189380256512048e-27
2.4366283477519967e-18,1.0
1.2279187893071407e-14,0.9999999999999877
6.4421519363164176e-18,1.0
1.181765269584787e-9,0.9999999988182346
1.5732801732047988e-12,0.9999999999984267
1.1175790878886078e-14,0.9999999999999889
1.0,4.806379915366734e-44
1.0,3.764236713144546e-19
9.463924741452216e-23,1.0
1.0,2.7050779092248217e-31
0.9977369704082941,0.0022630295917058884
1.0,1.3557619607106442e-22
3.1575746827994926e-12,0.9999999999968424
0.0007970367125687108,0.9992029632874313
8.103230813277617e-22,1.0
5.674079517543491e-21,1.0
1.0,6.809364127146408e-31
1.3875387580784117e-34,1.0
3.5401721294899215e-32,1.0
1.0,4.9076736440272754e-17
3.383433528081553e-26,1.0
1.0,1.8753177784078726e-19
1.0,3.0342097026826256e-23
1.0,2.5496751970157114e-35
0.9999999997465037,2.5349641009615947e-10
1.9204612290624042e-35,1.0
4.2731478581384454e-47,1.0
6.527178471031977e-28,1.0
3.561796837870348e-29,1.0
5.081488749928355e-21,1.0
0.9999999999999991,9.816524718094249e-16
1.171119119244337e-19,1.0
1.0,5.036796541047796e-28
0.028205145577290758,0.9717948544227093
0.9999999999999996,4.477990462435482e-16
1.0131031677951772e-15,0.9999999999999989
1.0,5.646320787090968e-25
0.9998758259114995,0.00012417408850053539
1.0,3.980752310788018e-27
1.845989199940395e-8,0.9999999815401079
8.492319058543342e-40,1.0
1.0,1.5712535875021185e-37
1.0,7.21906962361887e-29
9.336430328447056e-21,1.0
1.0,3.3006784591356425e-24
1.1526678411797591e-17,1.0
1.0,3.3166324625046244e-20
5.366681082768666e-17,1.0
1.0,1.2726182487154436e-23
1.0,7.719104406346837e-27
1.0,1.081350496738593e-26
3.862656938844037e-33,1.0
1.0,2.3016375775410606e-24
1.0,4.389044656074509e-53
1.0,1.2999940331836702e-27
0.9999999827697597,1.7230240303332408e-8
1.4903814946668726e-31,1.0
1.0,1.3248401945599744e-20
1.0,2.466585097441198e-17
1.782117910941508e-20,1.0
1.5364405076343778e-27,1.0
1.0,6.836871198211762e-42
6.134656226538831e-18,1.0
1.0,9.153701719509997e-24
1.2156074882313294e-21,1.0
0.9999911194215306,8.880578469453067e-6
1.482282411926303e-9,0.9999999985177176
3.86447907284857e-14,0.9999999999999614
4.004062940213905e-29,1.0
1.0,1.955994281966095e-33
1.607173323320437e-21,1.0
1.0,2.2150030726811968e-24
2.920587511337821e-19,1.0
1.0,2.4363775525235433e-32
0.999999999999884,1.1602776992988556e-13
0.9999999999999999,6.033767209337607e-17
1.1506479110102285e-22,1.0
1.0,1.0199663593635102e-18
3.5872947884550837e-19,1.0
4.665289970005795e-22,1.0
1.0,2.6599492093174846e-38
5.2195215094751675e-17,1.0
1.0,1.0750103536602587e-31
0.2447681716342202,0.7552318283657798
1.7171902697305256e-24,1.0
1.0,1.8691528625754593e-17
8.767713515939086e-25,1.0
1.1843358959072477e-17,1.0
5.776962443582639e-10,0.9999999994223038
1.7809356035045146e-19,1.0
2.115467504350847e-27,1.0
1.0,7.040071668441584e-49
6.538021223971411e-29,1.0
1.0093462377400919e-16,0.9999999999999999
3.6440568086910187e-28,1.0
1.0,6.483530717019501e-40
1.0,1.0996898673115264e-22
8.387634516910093e-19,1.0
1.0,3.5800457770781924e-26
1.0,6.833796772063998e-25
1.0,7.129500326961929e-42
0.9981807110736749,0.0018192889263250623
0.9999999730499782,2.6950021805169995e-8
0.7024037752522974,0.2975962247477026
0.006464921372197598,0.9935350786278024
1.0,9.305246487707835e-41
5.743835899422667e-30,1.0
1.258827534017675e-22,1.0
3.1786502804628337e-19,1.0
1.0,2.7527169168540407e-35
9.57631365202472e-16,0.9999999999999991
6.241793475839412e-12,0.9999999999937581
1.0,4.0396860342256635e-24
4.501106318197047e-14,0.9999999999999549
2.33013506644316e-9,0.999999997669865
6.66901084184367e-28,1.0
1.0,3.433166763741693e-29
0.9999942850382958,5.7149617041285935e-6
4.562283613150686e-22,1.0
1.0,1.1535137635970312e-32
1.0,4.194340105427311e-27
2.4576316595426386e-19,1.0
1.0,2.5003129180405162e-20
0.000018892923940793423,0.9999811070760593
7.941294082648294e-27,1.0
1.9062812048309524e-26,1.0
1.0,1.6409818971618168e-55
0.9999999999988693,1.1305811313952177e-12
7.577897298876625e-26,1.0
1.0,5.459871094656848e-52
0.04882474065429414,0.9511752593457058
1.0,1.272917514801155e-29
8.940947943722257e-15,0.9999999999999911
1.0,8.676499357562175e-28
8.24604275354024e-10,0.9999999991753957
1.0,2.3715562892268875e-33
1.0,1.9718629425735406e-18
1.0,1.273813903570891e-20
2.3771576461258536e-17,1.0
0.000011827431485504809,0.9999881725685146
1.0,1.0646323964213736e-44
5.662807907893195e-15,0.9999999999999942
2.15158297176288e-36,1.0
1.0,2.3721620652881243e-27
3.4313541988737264e-21,1.0
1.0,1.0469791626459541e-38
0.09172045603043062,0.9082795439695693
1.0,6.0901663995007935e-18
8.47594785329934e-27,1.0
1.071241648616137e-18,1.0
1.0,2.49545351848166e-26
1.0,5.556813956690564e-31
1.0,1.174955654117703e-21
3.407453422141693e-16,0.9999999999999998
1.5230270275853209e-27,1.0
0.000019214626592324216,0.9999807853734076
1.886359705957725e-11,0.9999999999811364
1.0,1.0463678213450862e-20
1.0,3.7364463267362696e-24
0.9999980104105529,1.9895894470442354e-6
4.4357452797373e-24,1.0
4.956891294068095e-22,1.0
1.0,2.4892485619294076e-21
1.0,9.18264323229311e-30
1.0,3.54917259838552e-28
2.006168954851731e-12,0.9999999999979938
1.0,6.547229977773515e-24
1.0,1.1147005738146395e-21
4.8133359188713575e-31,1.0
1.0,4.8832711325042424e-18
1.0,4.8967472129724e-35
4.228471423207398e-22,1.0
4.200572010763153e-9,0.999999995799428
1.0,8.40508740956689e-33
2.101097181859266e-27,1.0
1.7811136411401667e-30,1.0
1.0,1.252956495774597e-18
1.930893467480004e-37,1.0
1.9068102295258276e-29,1.0
7.032718387482734e-24,1.0
1.3330365337725026e-11,0.9999999999866696
1.0,3.7667983376468918e-34
3.430246181953714e-17,1.0
1.0,7.266012101036878e-36
0.999606335644173,0.0003936643558269288
1.0,1.7423701792990538e-36
3.496104704176604e-21,1.0
1.0,2.8463454460633844e-29
1.6082206221549734e-33,1.0
1.0,4.206706525620144e-25
1.1005574859873193e-17,1.0
0.006750229363085672,0.9932497706369144
1.0,3.573445191578216e-27
0.9999987141170033,1.2858829967196885e-6
0.9999999999999083,9.16779393826309e-14
1.2314172155364858e-10,0.9999999998768583
1.0,5.367591867090274e-40
0.9999999701708802,2.982911982130365e-8
1.543482210188883e-27,1.0
0.9999999999977116,2.2882912090602684e-12
1.0,9.10580495315643e-55
1.0,3.29749465876297e-27
4.687957760033672e-25,1.0
1.0,1.9664458257190265e-39
6.039585842154199e-11,0.9999999999396042
0.9999999999940222,5.977863494857717e-12
3.249426924887329e-22,1.0
1.0,2.585167634894701e-28
1.0,9.487804259097533e-36
1.0,7.701646612780629e-26
0.0005172912571704403,0.9994827087428296
1.0,2.1419843852427987e-51
1.0,6.090093512422624e-20
1.0,2.9592110834637968e-21
8.735921025699562e-14,0.9999999999999126
0.00006923678137637407,0.9999307632186236
4.236786506022724e-21,1.0
2.1337799313657644e-34,1.0
1.0,6.835564869963573e-23
3.6697495169644632e-34,1.0
1.0,1.030334404737155e-31
1.0,9.328011659933936e-22
3.1018528583297485e-17,1.0
3.558431103625876e-21,1.0
1.0,7.380297751467674e-49
1.0,8.444117186605621e-34
6.376049239838708e-17,0.9999999999999999
1.0,1.0467320479435713e-19
3.4266819729510005e-33,1.0
1.0,8.184418779249875e-38
1.0,2.56774069685155e-38
1.0,2.557654456073673e-19
1.5043267428957284e-34,1.0
1.0,7.65001231499751e-18
2.081052664306686e-35,1.0
1.0,4.59267538294366e-46
1.4409221335321085e-24,1.0
1.0,2.4206838767143866e-17
1.0474955631037375e-16,0.9999999999999999
1.0,2.5297964862216337e-28
1.551420730392613e-47,1.0
1.0,4.9637019312485196e-36
0.000012696736273197836,0.9999873032637269
1.0,5.623183415975334e-31
2.5809122505742677e-20,1.0
1.0,1.3120179904131437e-27
1.0,3.2991094008568965e-29
1.3393344867935629e-18,1.0
5.478317491778844e-22,1.0
0.00001939902828426011,0.9999806009717157
1.0,3.154438808525507e-35
1.0,2.3949345925026788e-27
1.0,5.551950441196456e-25
3.219439244400491e-15,0.9999999999999969
4.373974729011041e-19,1.0
0.9999999999997983,2.0164376058582443e-13
1.6651773361427158e-16,0.9999999999999998
5.664672951561622e-7,0.9999994335327049
1.213406591626342e-38,1.0
3.285688485201443e-35,1.0
0.9993719473360289,0.000628052663971169
7.916338946713157e-21,1.0
1.0,1.5077637911624096e-39
1.1584370545971388e-21,1.0
7.60807093088974e-9,0.9999999923919292
1.1421585051244802e-10,0.9999999998857841
6.269957259933684e-7,0.999999373004274
0.7074697279253858,0.2925302720746142
5.04307484223926e-20,1.0
1.8676845928816183e-32,1.0
2.319728439632369e-12,0.9999999999976803
1.0,1.3964284369602477e-25
2.5845652694266427e-19,1.0
3.3451980000907855e-39,1.0
1.0,1.0432126146409058e-30
1.5834518412141127e-8,0.9999999841654816
0.007602417722406225,0.9923975822775937
1.0,3.8528384581371815e-22
4.123866447204315e-28,1.0
0.9999999999999989,1.0314557712678196e-15
4.3613053911939717e-10,0.9999999995638695
8.396373093980192e-15,0.9999999999999916
1.0,1.9097972437304445e-27
1.0,2.967057804832862e-19
4.305987225838868e-25,1.0
1.0,7.252857639860394e-23
4.301295866837661e-20,1.0
1.0,1.4108354793744563e-32
1.0,8.767826126097468e-27
1.3039740783159946e-14,0.999999999999987
1.466763583523622e-10,0.9999999998533237
0.9999999999999942,5.757637072505138e-15
4.581752051947493e-13,0.9999999999995418
8.042229759153356e-37,1.0
2.08419218165092e-11,0.9999999999791581
2.977472594597801e-17,1.0
1.2182075237963854e-24,1.0
1.0,1.6885118845644324e-33
0.9259273783195586,0.07407262168044133
3.773608888088154e-40,1.0
9.29044321833171e-38,1.0
1.0,2.322273480322602e-53
3.984055562379527e-20,1.0
1.2447419919700856e-28,1.0
4.64713856494039e-9,0.9999999953528615
7.505382143355082e-38,1.0
1.0,4.640616722363374e-31
1.0,1.6718080480306113e-32
1.0,6.713651066287487e-33
0.9999899201883433,0.000010079811656628297
0.9940229609521557,0.005977039047844329
5.61219184285615e-17,1.0
0.9999999998804497,1.1955020410910763e-10
1.0,3.462768316389782e-32
1.0,2.422273171047682e-28
1.0,1.3279776974796586e-26
0.999999999972326,2.7674025096574975e-11
1.276186479182626e-35,1.0
1.0,1.1375303635873156e-31
7.303739475571204e-16,0.9999999999999992
1.0,1.0675716165825426e-43
0.9999999999999996,3.6411636976434176e-16
1.0,6.735688098799571e-19
1.0,1.7612900886086907e-22
1.26185843873979e-7,0.9999998738141561
1.5356915479369124e-15,0.9999999999999984
5.985311469754559e-22,1.0
1.0,1.6918504302573645e-21
1.0,2.707382889217862e-46
0.9999999999999685,3.164592177236386e-14
1.7970284856946256e-34,1.0
1.0,7.051635952237429e-28
1.0,1.513536684563101e-39
1.0,2.391393284947851e-19
0.9999999999999989,1.1112682381558863e-15
1.0,6.540669584607274e-18
1.0,1.2786821277965983e-21
7.694726504883462e-26,1.0
0.9999999999662814,3.371862762687412e-11
0.9999999999999337,6.623027288508299e-14
3.349948002972201e-27,1.0
3.1907179263142374e-10,0.9999999996809282
1.3504429489026642e-18,1.0
1.0,6.354683797473212e-48
0.999999999998529,1.4710951536641844e-12
3.932912285470955e-39,1.0
1.3751028430588062e-14,0.9999999999999863
1.1313675978814605e-19,1.0
2.685017119155218e-26,1.0
0.004469174464097193,0.9955308255359028
1.0425248953569973e-22,1.0
1.0,2.5147649006363682e-45
9.716290441377886e-37,1.0
0.00003400934180322615,0.9999659906581968
2.4799817539041568e-20,1.0
1.9629523399772528e-21,1.0
3.645435703254086e-28,1.0
5.46411420883877e-22,1.0
2.4910249442714174e-24,1.0
1.0,7.679909608855051e-26
1.0,1.299358556194374e-31
1.0,6.327818692039662e-28
1.754310466700176e-19,1.0
2.4709652630245786e-22,1.0
3.037503328153627e-15,0.999999999999997
9.803734389376277e-23,1.0
2.971042675733274e-28,1.0
0.999999999999179,8.209678215795576e-13
5.917699936567701e-32,1.0
0.9999966887118709,3.31128812907745e-6
2.5004785089854943e-13,0.9999999999997499
0.9993772609878815,0.0006227390121184139
1.0,3.270551720845427e-33
0.9999976116053946,2.388394605512547e-6
0.015875888558387986,0.9841241114416119
1.0,3.2503594412792068e-21
2.0605656860389152e-21,1.0
1.0,8.436215793706155e-43
1.0,1.0755750775286625e-31
0.9999999999999998,3.3330108093940506e-16
0.999999999999993,6.938591948918338e-15
1.0,3.29078147884943e-23
4.967510129193273e-18,1.0
1.0,2.5205630659039714e-22
8.658451402180893e-23,1.0
0.9993240734462482,0.0006759265537518522
5.211706125084943e-15,0.9999999999999948
1.0,2.6076514595578665e-34
6.29389586143297e-21,1.0
1.0,2.536100694915534e-24
1.0,7.126756034981817e-25
1.0,7.244677086757761e-33
1.0,5.549797500788212e-34
1.0,6.712826415256671e-29
0.999999999999993,6.9524022459645106e-15
2.495041299026566e-23,1.0
3.1390874924647148e-21,1.0
2.286235862512632e-31,1.0
5.6769713579091624e-30,1.0
2.8431601369101384e-29,1.0
2.0292001860468473e-23,1.0
3.926842936594469e-22,1.0
1.7813442051832206e-34,1.0
1.0,3.630253041008994e-32
2.29428456885464e-14,0.999999999999977
1.0,2.3565402617940874e-27
1.0,3.6727174130566222e-22
0.999999999930585,6.941497877049378e-11
4.728629024389452e-33,1.0
0.1649114078847807,0.8350885921152194
6.43295384323231e-31,1.0
1.0,2.2623339274310673e-26
3.53457440504702e-14,0.9999999999999647
0.999999999999991,9.011672800375508e-15
3.539377501970311e-9,0.9999999964606224
3.979179161825499e-11,0.9999999999602082
4.5802563752390924e-20,1.0
8.808198834745049e-26,1.0
0.9999999999999998,1.7576443959557496e-16
2.553150654505214e-12,0.9999999999974468
1.0,3.766109843359045e-27
6.186671924948145e-14,0.9999999999999382
1.0,1.689636172310561e-24
1.0,7.21280211410587e-39
1.0,1.909709119821709e-25
0.9999999999949485,5.051529621587294e-12
5.813935865138912e-41,1.0
1.0,1.2531884243311236e-55
0.9999999998336299,1.6637024264404475e-10
1.0,2.0293197170741134e-29
0.9999999821933866,1.7806613413942153e-8
2.716708255529131e-36,1.0
0.9877655487789572,0.01223445122104293
9.15300694924719e-25,1.0
1.0,1.2270108648839818e-28
1.0014403135763622e-18,1.0
5.55217380747529e-9,0.9999999944478262
1.4821482531971426e-8,0.9999999851785174
1.3480460359864855e-17,1.0
8.355146480828687e-36,1.0
1.0,7.262585666798465e-39
1.0,6.149764020096113e-30
0.002164413921167365,0.9978355860788326
1.0,8.719128238842372e-19
1.0,1.0715006847381415e-28
1.0,8.014540448498604e-29
6.1258816297635125e-18,1.0
2.1763552835399703e-34,1.0
0.8641136616730686,0.13588633832693137
5.5287790658269575e-6,0.9999944712209342
1.0,3.2838559465520687e-26
1.0,7.780293157493342e-23
7.778107834887919e-15,0.9999999999999922
1.4294916336778914e-18,1.0
1.0,2.2145733878115535e-21
1.0,3.1207510367412944e-43
1.0059972297401842e-20,1.0
1.0,1.2427837746599154e-18
1.0,5.293872227733988e-57
1.0,7.137587349231028e-35
5.850834022532424e-18,1.0
1.0,9.233310635968416e-45
3.167132008057534e-37,1.0
1.4242095198246234e-9,0.9999999985757905
7.030426419623062e-27,1.0
1.0,2.4428380424040848e-31
1.0,5.924326854524024e-20
4.93746230839722e-21,1.0
1.0,1.3167790775321068e-17
1.9015594765148559e-13,0.9999999999998098
1.26137644555575e-18,1.0
2.0317674058565254e-30,1.0
1.447349082294815e-19,1.0
5.656436237146199e-19,1.0
1.0,4.477530472215096e-24
1.0,6.225221875640208e-33
3.852101965853564e-16,0.9999999999999996
8.926123057260946e-25,1.0
1.0,1.464596999465422e-27
1.2212476600577963e-27,1.0
3.650416973415919e-13,0.999999999999635
4.321725056057855e-8,0.9999999567827493
4.1124971611261934e-22,1.0
1.0,1.2180627961777989e-34
1.0,7.312974681390384e-32
0.9999999983125083,1.6874917316193921e-9
2.84475577396087e-22,1.0
0.9999999999999918,8.205253972481611e-15
3.516038372362617e-22,1.0
1.0,3.0895662141302624e-39
1.0,1.079064306954248e-18
1.0,5.707539259677172e-42
2.0308674823938152e-44,1.0
0.9999999999999998,2.667431000468485e-16
1.0,1.7156104244916647e-38
1.0,4.738762630071963e-19
1.0,2.5089068760087743e-28
0.9999999999999998,1.941256776305817e-16
1.0,2.3662586107497223e-40
1.0,7.824554924519273e-30
6.057444258282382e-15,0.9999999999999939
1.0576647542097991e-28,1.0
0.9999999991598774,8.401226740993781e-10
1.0,1.2326383867531943e-19
7.830516676930924e-13,0.999999999999217
1.262139714507176e-13,0.9999999999998738
1.0,1.569466066704755e-20
1.0,1.0423076065403116e-20
1.0,1.732630937303425e-20
1.0,1.1815117015554754e-54
2.8749290997973124e-21,1.0
4.5816869599705115e-32,1.0
1.0,2.1770493306702884e-28
9.075602850230595e-23,1.0
5.051136819840009e-29,1.0
1.0,4.949099190740725e-31
7.51988025007364e-12,0.9999999999924802
0.9999999999999981,1.9117825354281673e-15
1.0,3.27237400113397e-35
5.1814679939297937e-23,1.0
1.0,2.409510357818322e-50
1.0,3.323096036714967e-24
1.0,4.550961061934171e-31
1.3116862796941216e-35,1.0
0.03407029630862002,0.96592970369138
1.0,5.98889608321336e-24
8.177583789346592e-20,1.0
1.6772612855287118e-18,1.0
2.414002546463082e-12,0.9999999999975859
1.0,6.910262978669435e-46
1.0612639513889108e-23,1.0
9.845271844582617e-26,1.0
1.0,1.4028432895653346e-27
3.5915630471529005e-20,1.0
1.0,7.535923499163305e-36
1.324151807003991e-27,1.0
3.57348101530571e-21,1.0
2.9346312123080855e-12,0.9999999999970653
1.0,7.029548573358323e-24
1.0,1.8132555474534351e-22
1.0,4.9367396989946177e-26
1.0,3.5428812889249023e-29
1.0,2.484990070786434e-25
1.0,1.2080255713426194e-33
1.0,1.4679243726170172e-26
8.737418862781509e-14,0.9999999999999127
0.9999999999999817,1.838110603430899e-14
0.999983778835173,0.000016221164826974422
1.0,3.1187672888914456e-31
1.0,4.62864774513218e-20
2.1961203701400152e-18,1.0
3.353138038563937e-31,1.0
1.0,2.384893755893892e-27
1.0,1.6181189168401012e-26
1.5801480410920667e-14,0.9999999999999842
4.701669569710942e-24,1.0
1.0,8.209954592642189e-48
1.0,2.2209628390881474e-39
1.0,7.601386277260037e-21
1.0,1.2875233849720934e-26
1.0,2.394227892564955e-34
1.843931159734041e-16,0.9999999999999998
1.1398001379708487e-37,1.0
8.318517078995815e-17,0.9999999999999999
2.5122505821565637e-28,1.0
1.1232730678408038e-14,0.9999999999999888
2.734222457473861e-13,0.9999999999997266
0.9999999999598755,4.012452885911204e-11
2.460077684142895e-15,0.9999999999999977
2.421757856611029e-23,1.0
1.0,1.996955511683513e-20
2.1819362945262254e-19,1.0
5.520747740082195e-17,1.0
1.0,1.0817924315425497e-26
6.456704542080924e-18,1.0
4.394727293619201e-11,0.9999999999560527
1.0,9.09636837928243e-27
8.204084799423457e-22,1.0
2.0155390364447036e-16,0.9999999999999998
0.9999999999999998,1.636180394076152e-16
1.5642889640551193e-21,1.0
1.0,5.149178278250865e-24
0.9999999997488714,2.511284828459587e-10
1.0,1.496398866506964e-37
1.0,3.2567657641570113e-34
3.4767984399173426e-11,0.999999999965232
1.0,9.555815983490535e-67
3.942697009321335e-22,1.0
1.0,6.032738097115318e-19
7.388834320192159e-26,1.0
1.6485676751217775e-13,0.9999999999998352
5.452721511907167e-24,1.0
1.5176757451724825e-20,1.0
4.799136364868611e-39,1.0
1.0171292331036505e-27,1.0
0.9999999919850645,8.014935546493139e-9
1.6644345005573376e-7,0.9999998335565499
5.93432078385443e-21,1.0
1.4429745097361312e-54,1.0
1.8463479996217784e-11,0.9999999999815365
1.0,2.741082896845512e-35
1.0,8.431271604452436e-24
4.546885478619156e-10,0.9999999995453114
2.433964455738264e-47,1.0
8.491409232967913e-32,1.0
1.0,4.594107637582102e-26
0.9999999999999811,1.8851481594604322e-14
1.0102399117662107e-21,1.0
0.9999999990381355,9.618644742162342e-10
1.0,1.994770987737124e-49
0.9999999824230796,1.7576920331746985e-8
1.0,8.903608512115337e-34
1.0,5.778324089981498e-26
1.0,2.1522649354160332e-29
1.0,3.4407659756720926e-22
5.82171580723161e-10,0.9999999994178285
1.0,1.4367745363119502e-26
1.0,1.9854286891135974e-25
1.0673845426337185e-23,1.0
1.0,2.8415468059692344e-38
1.0,3.3001538341353564e-29
5.0604449879413316e-21,1.0
1.6340079022042877e-24,1.0
0.999999998843485,1.1565149302807815e-9
6.760327256819634e-45,1.0
0.9999929020095367,7.097990463282865e-6
1.0,8.675775972462893e-36
1.0,2.7451965032050238e-24
4.419231395812755e-24,1.0
1.0,1.4041297213353645e-71
1.0,9.216182544612748e-35
1.0,3.964934387436449e-29
4.546674172026155e-16,0.9999999999999996
7.558049379696963e-34,1.0
0.9999999999999989,1.1435689026726528e-15
2.937138424203805e-8,0.9999999706286158
4.3253705594984354e-31,1.0
1.5468910392310474e-21,1.0
1.3286361919957e-17,1.0
1.0,1.0702138258290831e-33
1.0,9.952411821844374e-35
1.0,2.0626654761496698e-41
1.0,1.561742231371815e-33
5.16772294408373e-23,1.0
1.0,1.8155146015463412e-20
1.0,8.168104441240634e-23
1.0,2.3475334972294616e-31
4.986086197268686e-9,0.9999999950139138
1.0,2.7776881181692023e-29
1.0277774499158361e-13,0.9999999999998972
1.0,2.3181052433165538e-22
1.0,9.288045997480775e-34
1.0,1.2138067325938037e-21
1.3885185683967824e-13,0.9999999999998611
2.2232109327148433e-17,1.0
1.0,6.641577586231442e-33
3.019561392047118e-7,0.9999996980438608
0.9999999678439369,3.215606310814666e-8
5.582282399993355e-21,1.0
1.0,1.798675422377117e-28
3.374971543674724e-12,0.9999999999966251
1.0,5.868923037505899e-31
0.9999999999999629,3.697633548993846e-14
0.9999999999924634,7.536755955580355e-12
2.9546750818593435e-28,1.0
1.0,3.1267213220325414e-27
1.0,2.854938113074916e-29
1.0,3.695972654028024e-23
0.9999999998743155,1.256844672907397e-10
1.0,3.32869142022812e-33
1.0,1.9473776693420326e-28
1.0,1.2230868623026997e-27
1.0,6.022721742554107e-18
1.0,4.589084279122939e-22
1.3733792831346036e-23,1.0
1.0,2.0852206048303467e-50
8.444580043589811e-29,1.0
1.0,3.194163766223368e-34
4.510020809465171e-21,1.0
4.448440738319764e-27,1.0
1.0,2.4749198927862107e-32
1.0,7.043246405370682e-22
2.1734876122836825e-17,1.0
1.0,1.4537253941355666e-25
2.1245682308835497e-26,1.0
1.0,2.817636496172297e-32
0.999998580517766,1.4194822339702266e-6
5.861352633382876e-17,0.9999999999999999
3.06712010204498e-10,0.999999999693288
1.211836453037537e-31,1.0
2.807681246539143e-18,1.0
1.0,4.4840518889474835e-20
3.938404269059677e-8,0.9999999606159573
3.0791618362355612e-18,1.0
5.6658298914743e-17,0.9999999999999999
1.0,6.500578115294811e-37
0.000017143702148825083,0.9999828562978511
9.938601785482923e-24,1.0
9.156473471484639e-28,1.0
4.567767734886095e-31,1.0
2.3582223366933565e-15,0.9999999999999977
1.0,9.828665546718088e-38
4.1032377801320598e-16,0.9999999999999996
2.952198958689866e-32,1.0
1.0,1.091100067468495e-27
1.693993523332027e-19,1.0
1.0,2.753579595218095e-44
1.108059456824398e-18,1.0
1.1149957749198316e-31,1.0
2.136638197557564e-21,1.0
1.0,1.0404012954800235e-60
1.0,2.1543794331976146e-24
1.0,1.2561664807230019e-20
1.3591984182310045e-17,1.0
1.0,2.4333857571497573e-25
3.0973459826213053e-12,0.9999999999969026
1.0,2.3304224315347896e-27
0.008871127850459763,0.9911288721495403
5.1107610438190016e-14,0.9999999999999489
3.539643171590453e-39,1.0
1.0,2.6057031425982006e-41
1.8346386339839515e-31,1.0
1.0,1.8442901262189412e-28
0.020973006980587884,0.9790269930194121
0.3180578192168241,0.6819421807831759
1.0,9.443998838368715e-37
1.0,2.844010832169407e-33
2.0871187115503776e-19,1.0
1.0,7.939116385190789e-29
0.943254683169704,0.056745316830296114
1.0,4.4590000739572833e-26
1.2172322913448036e-31,1.0
4.1397101381789444e-19,1.0
0.9999934824216992,6.517578300798405e-6
1.0,7.310355628900492e-33
1.0,2.1128287317311224e-30
1.0,1.6079716169877264e-32
8.81276293485117e-25,1.0
3.3802144061476435e-19,1.0
4.135960927704563e-15,0.9999999999999959
0.9999999999999991,8.423655232633558e-16
1.0,1.899862712738863e-27
1.0,5.525087187183431e-39
1.0,5.909947138719163e-47
1.0,3.536834234940527e-23
4.0106115818576236e-9,0.9999999959893884
1.0,9.889793834856256e-59
1.0,4.721400830331511e-39
1.762082664756657e-18,1.0
1.0,1.495308937192434e-22
1.0,1.3777401813966593e-32
0.9999999995529887,4.4701129012346115e-10
9.666889272128176e-26,1.0
0.9999624164368319,0.000037583563167989194
1.419330935674889e-26,1.0
6.945357634626434e-10,0.9999999993054642
0.9995441511383538,0.00045584886164621555
1.0,9.30472934581029e-56
1.0,3.0005729088235504e-24
0.9603072245876321,0.03969277541236793
1.480654475517061e-25,1.0
0.9999999634499392,3.655006066385762e-8
1.0,6.504645703481502e-26
6.381338739228153e-24,1.0
1.0,6.817210748473526e-20
3.28649422620554e-36,1.0
6.356364381470424e-18,1.0
0.0003034527769023746,0.9996965472230976
0.9999999999999991,8.89762975324222e-16
9.36398660179841e-22,1.0
0.9999999999999989,1.0707058429146394e-15
0.9999999991390599,8.609402169700955e-10
9.270484929362024e-13,0.999999999999073
1.0,5.114080868763875e-35
4.390151239213253e-19,1.0
6.397653933532974e-25,1.0
0.9997833638652095,0.00021663613479045414
6.643473255061429e-8,0.9999999335652674
1.0,8.26424576991572e-42
5.59061916993676e-27,1.0
0.15745794150561535,0.8425420584943846
0.999999916546477,8.345352295934888e-8
5.4939504406682754e-46,1.0
2.726542757031391e-21,1.0
6.153492498184861e-7,0.9999993846507501
7.10386012892595e-16,0.9999999999999992
1.06183290472655e-37,1.0
3.117545531117404e-27,1.0
1.1226671017114567e-15,0.9999999999999989
1.0,1.1631292031853962e-42
2.123115689453751e-24,1.0
0.0002784690072996182,0.9997215309927003
1.0,9.219421336698016e-23
0.999999999959362,4.0638035362132154e-11
1.0,2.5006238356757405e-33
0.9999999976836219,2.316378083142626e-9
0.9999999804745603,1.9525439776944305e-8
1.9651483186779146e-10,0.9999999998034851
1.0,1.2406289761975114e-34
1.0,2.2521130562369535e-30
5.572883939420513e-37,1.0
1.0,6.524611046176441e-34
6.536088085139708e-28,1.0
1.7776179237492208e-13,0.9999999999998221
9.313232604812544e-27,1.0
1.0,1.479967993666056e-43
8.479361632979057e-33,1.0
1.0,2.6170909968949182e-28
0.00007437701365088717,0.999925622986349
1.0,1.1623039834608907e-28
0.00016167376269406457,0.999838326237306
1.0,4.847631919253665e-30
4.3924591741848755e-22,1.0
1.0,3.6923034364261332e-34
1.1698026167476776e-16,0.9999999999999999
1.0,2.8988426656455423e-32
3.1628035310032646e-11,0.999999999968372
2.0528797599566843e-7,0.999999794712024
1.0,2.4336100808576165e-29
8.832708843925555e-32,1.0
0.9999999973447901,2.655210024799826e-9
0.9999999999999933,6.693743445305048e-15
1.0,2.1567660427364496e-47
0.1568704506495137,0.8431295493504865
8.045513867361502e-30,1.0
1.0,3.869123745194236e-37
1.0,1.823321600071082e-50
1.0,6.261164744320883e-31
1.0,5.455678503979024e-47
0.9998924315919384,0.00010756840806158014
3.938918671468146e-9,0.9999999960610814
3.116088344677707e-16,0.9999999999999998
1.8209369527220224e-38,1.0
5.708435504021698e-26,1.0
4.521800136059121e-27,1.0
1.2414785869001992e-10,0.9999999998758522
1.0,2.19439389735064e-20
1.0,3.0555022950242683e-24
2.4445310781758238e-25,1.0
3.1452165477698637e-20,1.0
1.0,2.814785825680106e-34
0.999999712165337,2.878346629769264e-7
3.5519308739807433e-10,0.9999999996448069
0.0004413006922288808,0.9995586993077711
0.999999999734811,2.6518900719260466e-10
1.0,6.608493151328267e-22
0.05499989879452842,0.9450001012054716
2.14256893632263e-19,1.0
8.58761187623504e-20,1.0
1.0316200169137087e-36,1.0
1.0,3.693890773718422e-30
1.530503990940237e-32,1.0
2.005851317069954e-11,0.9999999999799415
2.4058358240408714e-11,0.9999999999759416
0.9979625042582058,0.002037495741794246
5.131749467055172e-17,1.0
1.0,5.067836567417289e-21
1.1296265995546121e-16,0.9999999999999999
3.5867824914207225e-27,1.0
5.3310766693257187e-11,0.9999999999466892
1.3917566753357414e-10,0.9999999998608243
0.5448125211423409,0.45518747885765914
1.0,2.2816281424888625e-25
0.8641136616730686,0.13588633832693137
1.0,2.216335199493533e-31
1.0,1.1857901320557188e-20
2.3447793986167526e-20,1.0
1.0,1.160469166199149e-22
3.803700180363557e-21,1.0
1.497839998267432e-26,1.0
1.0,2.586931685930336e-30
2.877769306256144e-10,0.9999999997122231
2.8302572560029054e-22,1.0
6.805928162671299e-17,0.9999999999999999
1.3694644046244156e-24,1.0
2.3745301087391045e-9,0.9999999976254699
1.0,2.5177955439129998e-20
1.0,3.1751416959571056e-18
1.7443642870265605e-25,1.0
1.0,2.7721124525181048e-18
1.0,1.05208562187368e-34
7.770012879284606e-24,1.0
3.800757782156532e-25,1.0
1.0,6.2648253924029194e-24
6.918053559419932e-24,1.0
1.0,2.8581729902265075e-28
1.2261389017035904e-37,1.0
1.0,1.2932644722142412e-23
1.0,2.0443429841116634e-21
9.699187744412874e-20,1.0
1.2194956563783235e-20,1.0
1.0,1.811188727083003e-33
0.9999999999999525,4.744379326634435e-14
1.2199690412727687e-6,0.9999987800309588
9.708381319702968e-24,1.0
1.0,3.0670757138655397e-17
5.059746686009037e-22,1.0
5.981539927822062e-12,0.9999999999940185
2.1077707641440895e-56,1.0
2.6624619720524337e-20,1.0
3.106778569198559e-31,1.0
1.0,6.339181985252233e-31
6.305548920237522e-11,0.9999999999369446
0.9999999999999936,6.5206318082563114e-15
1.0,2.2221208923242954e-31
0.9999999999978548,2.1452532279425256e-12
0.999999999999327,6.729680027713784e-13
0.9797271001564207,0.020272899843579297
7.713346370492122e-16,0.9999999999999992
1.0,1.4320392195438364e-20
1.0,8.450104213801538e-25
0.999999999401083,5.989171274975469e-10
0.9999999987363817,1.2636184017337606e-9
0.9999999999999983,1.760379937379098e-15
1.0,1.4011901435057807e-20
0.9999999999955769,4.4231441548606725e-12
2.2629276973318756e-13,0.9999999999997736
7.3920584635786736e-34,1.0
3.540224370894193e-13,0.9999999999996461
2.1527049696207773e-27,1.0
2.4620568671480723e-21,1.0
8.051079357593509e-8,0.9999999194892064
3.4540709254348794e-20,1.0
2.1629454958079635e-26,1.0
1.0,6.242658853107511e-47
3.666059744071594e-8,0.9999999633394026
5.205344830786066e-16,0.9999999999999994
1.0,6.001762150064023e-26
1.0,7.385964321860696e-21
3.142562905278599e-25,1.0
1.0,2.3725589920953442e-35
1.0,2.4837822140097028e-43
1.0,1.0553177134065915e-37
1.0,1.7490574310607126e-29
1.0529841886129663e-25,1.0
0.9999999999998409,1.5907524899883158e-13
7.594572402619895e-16,0.9999999999999992
0.9999999999318533,6.814674539645249e-11
1.0,2.1121368984172443e-18
0.9999999999792801,2.0719848988584443e-11
0.9999999999998457,1.544316266919075e-13
9.959594820883888e-14,0.9999999999999003
1.0,2.579700898656828e-24
1.0032222235993635e-28,1.0
9.65101276534594e-28,1.0
1.0,4.9368616867725446e-23
1.0154952325911434e-19,1.0
3.387974394361745e-6,0.9999966120256056
3.284830829125912e-27,1.0
1.0,1.3281988766732746e-22
1.0,1.8378079594288042e-31
1.0,2.2684895548895596e-36
0.9999960309287801,3.9690712198990515e-6
1.0,2.1435784397255557e-22
3.548436485975499e-18,1.0
1.0,2.5642529948692328e-36
2.718179102378469e-15,0.9999999999999973
8.976086666853402e-9,0.9999999910239133
9.589068262067266e-13,0.9999999999990411
1.0,3.0222150126357873e-29
1.0,8.789025526342473e-37
1.0,4.014242034384269e-38
0.000022902808517121453,0.9999770971914829
0.9999999999996404,3.5949941191661386e-13
1.0,1.3226455618658708e-26
1.0860156594926102e-15,0.9999999999999989
7.112694582411674e-16,0.9999999999999992
3.207017285356976e-30,1.0
0.9999995473209736,4.526790263894335e-7
4.003716814823109e-22,1.0
6.415692012247457e-12,0.9999999999935842
1.310543794830263e-17,1.0
1.0,6.100917713710333e-26
2.521875550930725e-21,1.0
0.9999999999995933,4.0665208139579773e-13
1.0,4.5157040539895095e-20
1.0,3.8279452199140908e-34
0.9999394941323023,0.000060505867697626773
0.0010860095759875712,0.9989139904240124
8.924547050609362e-20,1.0
1.0,2.5719191410070576e-51
1.0,1.1968083629326666e-17
8.504971765413915e-14,0.9999999999999148
0.0012841020765426844,0.9987158979234573
2.023441206690522e-31,1.0
1.0,2.079293521346689e-44
1.4747262333361218e-26,1.0
7.493184120920028e-7,0.9999992506815878
1.0,9.152671194462842e-31
0.005753145051411272,0.9942468549485888
2.4610259859334425e-17,1.0
0.9999999999999998,1.338213937912165e-16
3.0535476147774287e-28,1.0
8.995844411518988e-18,1.0
1.0,8.047537984229353e-22
1.0,2.261781456171379e-32
1.0,9.370153818270357e-46
1.2731126282209719e-20,1.0
0.5521572343940522,0.44784276560594793
5.236482853020785e-15,0.9999999999999948
0.004221652066544709,0.9957783479334552
4.435025774345066e-13,0.9999999999995566
1.641559409781823e-20,1.0
9.32997084312174e-19,1.0
1.0,7.2026588593193214e-37
8.949192885667318e-20,1.0
1.911395688023105e-21,1.0
7.932855172718725e-29,1.0
0.9999999999999998,2.0894802611295838e-16
7.470445357745237e-15,0.9999999999999926
0.999999994635372,5.364627961619778e-9
1.0,1.373293349336127e-24
1.0,4.039452830777439e-37
4.806483067025924e-11,0.9999999999519351
1.0,8.390880382403896e-50
1.8907313463344858e-25,1.0
1.0,8.969997232285679e-56
1.0,3.7588586825146463e-25
0.9999996646950534,3.353049466138622e-7
0.9999999999984944,1.5056505988506349e-12
1.0,2.6956101639066703e-18
0.00009462163749768682,0.9999053783625023
0.9999999999999262,7.390184193001989e-14
1.6853746829365982e-30,1.0
1.0,2.1644969756197236e-24
5.269013588637769e-21,1.0
1.0,5.670635974879378e-37
1.0,4.747412998710924e-42
1.0,8.889237953081415e-19
1.176252088503565e-40,1.0
1.0,4.41385358398893e-18
1.0,2.0021975582088472e-24
4.663525626337495e-25,1.0
8.773227072714788e-26,1.0
1.0385742211252823e-19,1.0
1.3996495430608909e-16,0.9999999999999998
3.120412365128623e-18,1.0
2.855602150565047e-16,0.9999999999999998
6.7830045251090055e-15,0.9999999999999933
1.0,7.931336002668067e-29
0.9999999972486772,2.751322860178099e-9
1.0442719917307091e-29,1.0
1.0,1.3575135036611096e-25
6.433216430789721e-8,0.9999999356678357
1.0,3.802873495689476e-63
5.625236130780864e-31,1.0
1.0,1.944399423910263e-25
0.999999999957828,4.217207348707324e-11
3.0796999244054026e-8,0.9999999692030007
2.6720183949698752e-15,0.9999999999999973
1.2546224066318947e-15,0.9999999999999987
1.0,3.563053429812512e-35
1.0,4.083422046942648e-27
0.9999999999999996,4.047118390392002e-16
2.400863150637376e-17,1.0
1.7775673723794742e-27,1.0
1.0,3.87808042264823e-31
9.351757658803729e-22,1.0
0.0035767234204230887,0.9964232765795769
1.0,9.043408379775419e-30
1.0,8.074196896276145e-23
4.029822066689167e-21,1.0
4.878330057157327e-9,0.9999999951216699
9.295229780059527e-22,1.0
1.0,7.435356067192888e-26
1.0,5.904270884357394e-30
1.0,1.1121106026801588e-38
1.0,4.242783854344932e-28
2.7008674540963915e-17,1.0
1.8753574719529396e-32,1.0
1.6142563448042674e-18,1.0
1.0,4.8687880257042303e-17
0.00004146772560675301,0.9999585322743932
1.0,9.191478160318223e-24
2.9716414299438185e-17,1.0
1.486578296039041e-11,0.9999999999851342
9.341086483453612e-10,0.9999999990658912
1.0142115128240804e-23,1.0
1.0,2.1657972949326867e-22
1.9029493911217062e-29,1.0
1.0,2.366716477808904e-22
2.640250007793231e-11,0.9999999999735976
1.2199099083290054e-14,0.9999999999999877
8.910448771352138e-16,0.9999999999999991
0.9999999999999658,3.4236353632711204e-14
1.0,1.8166248122108422e-37
5.026735530360886e-10,0.9999999994973264
0.9910154193730719,0.00898458062692799
1.387170665982315e-19,1.0
1.6290979558091447e-19,1.0
0.9999999999997778,2.222007101331286e-13
6.641516973336034e-20,1.0
1.0,9.819026389091324e-64
1.0,6.326137479387666e-21
3.9643696361999483e-25,1.0
1.5712482081259295e-13,0.9999999999998428
6.73583062343671e-16,0.9999999999999992
2.452068079209629e-25,1.0
1.0,3.6175458589261926e-33
1.6005638639160336e-10,0.9999999998399437
1.5793103227776386e-10,0.999999999842069
4.0981454721467893e-7,0.9999995901854528
1.0,8.31610433337418e-28
0.9999998089493056,1.9105069445040443e-7
1.961817678173947e-19,1.0
8.921410026317739e-14,0.9999999999999108
1.0,3.6035306353687194e-29
0.9999999999992089,7.91143682828111e-13
1.0,2.583985165361304e-32
0.9999996904353944,3.0956460561859833e-7
1.0,2.083924333806649e-31
8.859853330204742e-13,0.9999999999991139
6.744105086772547e-19,1.0
0.6689336596002762,0.33106634039972377
1.0,2.271279257074297e-31
1.0,2.51708295008336e-28
0.9999999999486515,5.134832816614428e-11
0.9996599008217351,0.00034009917826496736
1.0,6.47769054186566e-36
1.0,2.404408636023129e-22
1.0,8.999664373140118e-36
1.0,9.470579232623038e-24
6.462001940943002e-7,0.999999353799806
6.834868696641174e-23,1.0
1.0,2.263412728344195e-19
5.992483207544311e-18,1.0
1.406021491996295e-10,0.9999999998593978
1.0,4.462238721227338e-37
0.9269025573231443,0.07309744267685565
1.0,2.7254325236290266e-18
3.246685355997855e-17,1.0
0.9999999999999999,6.149362617034401e-17
1.5173931841185494e-22,1.0
1.2796241772271178e-20,1.0
4.048710092534228e-24,1.0
5.1304819704090914e-31,1.0
1.5874923900299541e-26,1.0
1.0,5.098881015166743e-47
0.9999781939436069,0.000021806056393136086
1.7115777867895534e-19,1.0
2.646807911042904e-29,1.0
0.749769357033198,0.25023064296680203
1.5429211651894468e-26,1.0
1.0,1.6208635145208419e-31
1.0,9.571234482245786e-30
1.1462870915943911e-22,1.0
4.594443982799711e-21,1.0
1.0,1.1215363472656884e-34
4.522429986101744e-15,0.9999999999999956
1.0312866472310629e-22,1.0
0.000039142263655441,0.9999608577363446
1.2812469623003845e-14,0.9999999999999872
9.040461039529655e-25,1.0
1.0,5.243758111481938e-21
3.2851674285652093e-21,1.0
1.0,4.047717103107855e-40
2.585214628201644e-25,1.0
1.074798809968543e-36,1.0
6.22582045821886e-24,1.0
0.9999999999998743,1.2573615037731853e-13
1.0,2.374754129058984e-36
0.9999999999999998,1.9839896629505625e-16
2.6958220634724116e-25,1.0
2.0732461628998976e-23,1.0
1.0,3.4721388626865055e-50
1.410826629835842e-22,1.0
1.0,5.3372226606927315e-24
1.3956029408150613e-17,1.0
0.9995018337442189,0.0004981662557810675
0.9999947805087339,5.219491266082954e-6
9.837646240432356e-37,1.0
1.0,1.727624642656928e-30
0.0009570731474700336,0.9990429268525299
0.9999999999128503,8.714978458395524e-11
1.0,6.804427357811304e-48
1.0,2.5248408943509773e-23
0.9999999999917196,8.280444250674463e-12
1.0,3.281582503822383e-38
5.647676917729835e-34,1.0
1.0,1.859992484269068e-37
1.0,3.8221894988964304e-17
4.377168993355369e-25,1.0
1.0,1.8696058828879072e-50
7.061823358702976e-22,1.0
1.0,4.3674343564067285e-37
1.0,6.083801013949844e-29
1.0,1.9710054094534188e-26
1.0,1.382200958301577e-18
2.4672635403172728e-21,1.0
2.6566416367970895e-22,1.0
1.0,2.6215720107039295e-22
1.0,2.9333245107840676e-23
3.530880923252256e-22,1.0
0.9999858649415401,0.000014135058460007285
1.0,1.4624889974251143e-56
1.0,1.0035481414170038e-18
1.6171856271979274e-22,1.0
1.4240049862574305e-28,1.0
1.0,1.720805296332261e-23
1.1558804845143952e-16,0.9999999999999999
1.0,5.728824795994438e-32
0.9999999999999888,1.1128940152566654e-14
1.0,4.6116027752519084e-60
1.0,1.8423484825008955e-51
6.638148984405271e-24,1.0
1.0,2.10430540438539e-33
0.9999999996788944,3.211055680471776e-10
1.0,9.085263633152253e-34
1.0,9.155655018288754e-23
6.403876347537055e-18,1.0
1.0,4.38054320045638e-30
1.0,5.772586121766372e-34
0.9999999999982917,1.7082832267141583e-12
1.0,3.5547897977322785e-21
0.010585125767809346,0.9894148742321907
3.8656793100935665e-29,1.0
4.5143931634001466e-11,0.9999999999548561
1.0841593742761453e-22,1.0
1.3884841758495126e-36,1.0
1.0,3.120494197401025e-29
9.756377782765542e-12,0.9999999999902436
1.0,1.8394483895816874e-21
1.0,3.72055457785296e-33
1.0,9.015026786399191e-26
7.96952192128173e-12,0.9999999999920305
5.440355875107495e-23,1.0
1.0,1.2755356334558435e-29
1.0,1.8809490870607469e-25
0.9999992969309823,7.030690176513525e-7
7.41652704319782e-27,1.0
9.158742572422311e-37,1.0
0.9991118606647141,0.0008881393352858226
1.0,1.6399271670693117e-37
1.0,8.938986005470918e-31
1.0,1.3411911730026146e-29
0.9999999999999999,1.0335670400991041e-16
1.7306359431626172e-10,0.9999999998269364
1.4023927356083019e-37,1.0
0.9985770214235573,0.0014229785764427489
0.9999999191933975,8.0806602517759e-8
2.3666916862927482e-11,0.999999999976333
1.0,1.4115117275801222e-31
1.0,2.869677930851095e-29
4.2037577721366795e-20,1.0
1.366637523369601e-18,1.0
1.2854269088401022e-22,1.0
1.2917797704156543e-25,1.0
2.964385926703672e-20,1.0
1.6264854703070471e-15,0.9999999999999983
1.0,2.981802023274299e-18
1.0,1.2733032864565908e-21
1.0,4.135183961797221e-23
1.0,4.043416091215306e-30
0.9999999999999801,1.985844962783717e-14
1.0,1.0065931544187456e-20
2.5545782869673118e-14,0.9999999999999745
8.853864566627943e-28,1.0
1.0,1.196540005543572e-37
1.0,2.8970133082090483e-29
1.0,1.083851674177833e-29
1.0,1.5670420294432895e-43
1.0,1.464556624026514e-18
0.9999999999999996,4.681028652336798e-16
1.3215385262263411e-18,1.0
7.46516507576876e-14,0.9999999999999254
1.0,3.047533624993953e-23
0.9999999999564291,4.357095589820728e-11
1.0,2.3551282779924596e-29
1.0,6.3356327047870765e-22
5.8344863368546245e-25,1.0
1.0,1.975909242886485e-37
3.992615924863288e-20,1.0
1.851589188569109e-23,1.0
5.2217505509101125e-27,1.0
1.0,6.243744627613609e-50
1.0,4.5482141328292195e-35
9.77209539064787e-6,0.9999902279046095
2.3031213474184185e-17,1.0
1.0,1.4969548707401592e-24
1.0,6.53782553842315e-20
1.8317031219942818e-15,0.9999999999999981
5.134891113187013e-28,1.0
6.528256252141229e-27,1.0
4.500718776222947e-14,0.9999999999999549
2.9682148139625064e-15,0.999999999999997
4.574175085579876e-15,0.9999999999999953
0.00473088534250532,0.9952691146574947
1.0,1.1103432003811656e-25
1.213174216891185e-25,1.0
0.9999999999906842,9.315869907197557e-12
1.0,3.6962533286153554e-24
1.0,1.3020044062887907e-33
1.0,3.0695328668518205e-40
3.480156326979639e-24,1.0
8.622222651740251e-25,1.0
9.920318592563372e-15,0.99999999999999
2.5033252477865432e-17,1.0
1.0,9.313126173232842e-64
4.455755989561407e-27,1.0
9.688470265883822e-18,1.0
1.0,2.818505521257475e-28
6.143335689490463e-11,0.9999999999385667
1.0,5.059956707374345e-25
1.0,9.816548981540894e-22
1.7202512934489098e-31,1.0
2.1177722618750333e-24,1.0
1.0,5.768586175285277e-35
1.0,4.160091930761322e-26
1.0,2.741768859225785e-21
1.0,8.694431789299168e-33
1.0,4.353821394352458e-34
3.491330768797753e-23,1.0
6.847880243235016e-18,1.0
6.357231085888235e-14,0.9999999999999364
1.0,6.405350254886247e-30
1.0,1.5918479186321277e-29
3.436492325737524e-12,0.9999999999965634
1.0,6.352608335446254e-23
1.0,1.572051658932807e-22
8.039408941873562e-32,1.0
1.0,9.283943984906981e-32
8.299865001124301e-11,0.9999999999170013
1.0,5.672557331876178e-32
5.562315211259185e-18,1.0
4.840527560176594e-11,0.9999999999515946
4.38291778436768e-18,1.0
3.6770172724456536e-19,1.0
1.0676068192782725e-16,0.9999999999999999
4.867900190442421e-21,1.0
0.9999999999966424,3.3576595772697147e-12
0.9999999995621343,4.378657943687265e-10
1.0,7.885852043440647e-27
1.0,1.6030373421800044e-42
1.0,3.555301457777427e-18
2.0847546568668745e-10,0.9999999997915244
1.0,1.9257052186234559e-31
1.0,3.4238865526245834e-46
4.265977441000081e-24,1.0
1.0,1.2473634972106027e-37
1.5727429692520969e-9,0.9999999984272571
3.0251608615703847e-28,1.0
1.5776596831639333e-33,1.0
6.536755651077941e-6,0.999993463244349
0.9999999999999994,5.275017287827126e-16
7.148469214851287e-23,1.0
2.856007027857897e-23,1.0
3.154183519414659e-26,1.0
2.413603172605617e-25,1.0
1.7185301017118672e-22,1.0
0.9999999999999992,7.184358190889763e-16
0.9999999250079574,7.499204255032971e-8
4.940262895475748e-36,1.0
1.5139194621070675e-25,1.0
1.362329486445264e-14,0.9999999999999863
0.9994610608728465,0.0005389391271535887
1.0,2.786174837992203e-38
8.260075988709021e-28,1.0
1.0,2.2368495738020623e-43
2.997585832110119e-22,1.0
1.0,3.754866818046852e-21
0.9680823408414466,0.03191765915855335
1.0,1.655264422936859e-31
0.9999999999958793,4.120704054332271e-12
1.0,1.1686966638423268e-27
1.0,2.304717128048523e-28
7.101243646636113e-12,0.9999999999928988
1.0,5.214705599750631e-17
7.926086377765532e-18,1.0
1.0,2.2911205449677806e-31
1.1296358121436407e-40,1.0
1.0,3.648407124961285e-33
2.2782150530300784e-30,1.0
1.2113381883941358e-6,0.9999987886618116
1.0,9.621205194062831e-22
0.9999999980863689,1.9136311870011496e-9
2.1155932353856625e-30,1.0
1.0,6.911927231405456e-56
1.0,1.386931200439896e-34
1.0,3.648781732259422e-18
1.0,2.076234958870027e-20
2.1866907058911165e-7,0.9999997813309295
2.4562331914374408e-11,0.9999999999754376
5.418192109867566e-32,1.0
7.582394792946757e-15,0.9999999999999925
6.485955284005146e-19,1.0
1.0,2.1484207424119306e-50
2.274990478344336e-25,1.0
9.858412922458082e-23,1.0
9.390307008911918e-26,1.0
1.0,2.2657253069546657e-40
1.0,2.0205903843083278e-26
5.033762938997862e-28,1.0
6.89268215258915e-28,1.0
1.0,5.640254170086317e-57
7.744768295793387e-18,1.0
1.0,1.509564769337465e-30
1.0859342867629216e-8,0.9999999891406571
1.0,3.732880232734131e-36
1.7474180381594216e-36,1.0
2.1927127712615164e-15,0.9999999999999978
4.598098210868258e-16,0.9999999999999996
1.3753210621778963e-10,0.9999999998624679
1.0,1.6017729405988375e-26
4.350100468186835e-19,1.0
1.0,2.0746002981529007e-28
9.482469579626847e-24,1.0
1.0,1.0762847928466457e-18
1.0,6.540149751938943e-38
0.9999999891539567,1.0846043279962012e-8
2.810540517124773e-23,1.0
4.7614917477588224e-32,1.0
1.0,3.559534092417642e-33
1.4670663597228778e-14,0.9999999999999853
2.2648057920358282e-26,1.0
1.0,1.1983845884501296e-34
1.0002484705010358e-15,0.999999999999999
9.726705418654447e-26,1.0
1.4949292506462898e-28,1.0
1.0,4.202032366166334e-31
0.9999999999137368,8.626322626237332e-11
1.0,4.732555162927889e-23
9.958629436908906e-21,1.0
1.0,1.8148643644353984e-32
0.9999999999999999,8.7661235837189e-17
9.24719774518052e-21,1.0
0.9999999999936715,6.328518174232981e-12
8.631015567490765e-12,0.999999999991369
2.507050627693519e-33,1.0
0.9999999999941779,5.822091355153445e-12
1.0,4.697294214730025e-31
1.0,3.127483693566626e-21
9.56059115002484e-20,1.0
2.3203690301203692e-21,1.0
3.6101278781710034e-29,1.0
1.0,1.7074630751338287e-19
5.779636079184657e-13,0.9999999999994221
2.991000460044771e-27,1.0
1.0650000794539697e-13,0.9999999999998935
1.0,4.972059956037059e-21
1.0,2.463803574557635e-20
0.9999999999999998,1.7209084581641342e-16
0.00021121351439079284,0.9997887864856092
3.010006662387881e-13,0.999999999999699
1.8205934027128177e-7,0.9999998179406596
3.632461651939213e-19,1.0
0.9999999999995973,4.026068959405997e-13
0.8453079501015772,0.15469204989842267
1.0,2.322919464415303e-41
1.0,3.607508244172972e-21
4.328641141822521e-22,1.0
1.0,1.079456764649111e-22
7.717731068065797e-24,1.0
1.7423857076293414e-9,0.9999999982576143
1.0604512367110926e-9,0.9999999989395488
0.9999999999893755,1.0624524194361018e-11
1.0,6.511763322247473e-45
2.1922125067654223e-18,1.0
1.0,6.136328433034685e-48
1.0,5.933231209575331e-38
1.0,7.797884510475934e-24
1.0,1.0738330475390211e-19
1.1503149361792637e-17,1.0
1.0,9.025577138547989e-24
1.0877326578318405e-17,1.0
1.0,1.8046987166916042e-26
1.0,3.1973986923469214e-32
1.2589453886811549e-46,1.0
1.802073159781138e-18,1.0
6.103217117240148e-8,0.9999999389678289
1.0,2.1639856438750295e-34
1.8760538990820944e-24,1.0
1.0,4.718046148175591e-32
6.415340409669035e-45,1.0
1.0,1.3745000498632368e-68
1.0,1.6104274174944797e-17
1.0,5.568035402527192e-62
4.1927546370600706e-22,1.0
1.892332497141489e-18,1.0
1.0,1.8523714407315232e-20
3.0738453196878324e-14,0.9999999999999692
3.5704876870956026e-13,0.999999999999643
4.025350561764272e-19,1.0
3.0073876812784767e-7,0.9999996992612319
1.027953576376298e-11,0.9999999999897203
4.767090725215606e-21,1.0
0.9999999999984043,1.5957942393364105e-12
3.170948082398955e-7,0.9999996829051918
2.1659048385931735e-24,1.0
3.862725993472389e-24,1.0
1.0,2.2730285910351692e-63
0.9999999999999996,3.971528217021441e-16
1.0,8.501277641091602e-34
1.554103709095564e-10,0.9999999998445896
1.0,9.223917220713009e-20
0.9999999703845099,2.9615490153934694e-8
0.000011471227103351664,0.9999885287728966
3.9393010526303457e-13,0.9999999999996061
8.917550544013136e-19,1.0
1.0,5.0437798144241995e-59
5.01222780443633e-32,1.0
1.0,6.612910067384393e-30
1.0,1.066126281912588e-28
1.0,6.2222799526566e-32
1.0,5.6861777143008614e-27
1.0,1.6583488959378908e-33
1.0,2.6811799654239246e-40
1.840045500717643e-15,0.9999999999999981
7.672111966929528e-11,0.9999999999232788
1.4715548384168456e-15,0.9999999999999986
0.999999999999381,6.190672714930929e-13
1.0,1.1729263617987966e-31
1.0800988177553448e-31,1.0
7.29950781036686e-13,0.99999999999927
1.0,2.5512486291908404e-43
4.094171287395268e-19,1.0
0.9999999999999903,9.636840554452752e-15
2.6925119922539492e-24,1.0
4.4153861808317356e-11,0.9999999999558461
1.0,2.1596304546040634e-21
1.0,8.62855525422608e-23
9.986327308258331e-26,1.0
1.0,1.8723930056892375e-34
1.0,5.906662505207681e-35
3.762151215392808e-13,0.9999999999996239
1.5730688860084917e-19,1.0
1.0,9.086369166164777e-34
3.657119493755458e-22,1.0
2.8601995323513015e-18,1.0
0.9999999999814376,1.8562359443030026e-11
0.9999787112732169,0.00002128872678305469
5.945815206968058e-29,1.0
0.998152289769048,0.0018477102309520058
1.0,3.4917848782948404e-32
0.99999836798756,1.6320124399444779e-6
9.144621417178558e-21,1.0
1.0,2.5737757547267835e-33
2.357866607552137e-33,1.0
1.0,2.051822429034576e-29
0.9999999474081576,5.259184248667428e-8
2.144918644882423e-30,1.0
1.0,8.456773000698589e-20
1.0,6.739175702851244e-27
1.8664409154971958e-19,1.0
2.1354419673533308e-17,1.0
8.038625195074281e-39,1.0
1.0,1.0709726380329717e-32
1.0,1.5639097635642887e-36
8.325020743999182e-28,1.0
9.113642116002277e-38,1.0
1.0,1.7843725889629858e-25
1.0424299942359199e-16,0.9999999999999999
1.0,1.5315979289483183e-25
1.0,4.2908322612489245e-29
2.050436520979031e-31,1.0
2.6212603325703443e-18,1.0
0.999999999999998,2.0010179011399773e-15
3.2290559980742063e-17,1.0
0.999999999995912,4.0879914037390626e-12
7.764083501405488e-25,1.0
1.0,1.4019178159520844e-36
3.4464986355951795e-15,0.9999999999999966
1.5736069908131353e-28,1.0
4.18049375333016e-24,1.0
