2.31678204250281,-4.985279268658968,-3.0523590233387567
1.9592138005246094,-1.4589620686386522,2.931681916101411
2.025749407594783,-4.793365611007805,-2.516717890251841
1.6465410227577795,-5.686401478255824,-3.668966377590312
1.9417089554086742,1.0004049370471553,6.92586729223682
4.502485325991415,-10.237912667272834,-13.244007204049197
3.5110283110236344,-2.4253079790238896,0.1677788832387599
3.608415821749303,1.1960804519094943,5.9539436284845575
0.4435881308288374,-2.56633973473649,2.311143663480416
2.0955103009866956,5.528352527088977,14.135741995195723
4.699286065558297,-7.082698054436262,-8.289238928884604
2.011855097763512,-4.500319914643908,-2.0316610997647917
0.45631014971939066,-5.327307473408105,-2.16750491813914
3.1989510267215007,-7.15726607778874,-7.24992732764673
0.8215920861215225,4.92685248914637,14.147121288253704
4.890200441091076,-3.7883040834902073,-3.10464835738616
0.9237934744422235,-1.812195498827752,3.160499476031016
4.441411787911115,-4.55152532461413,-3.9929861673094744
3.420497062425379,-0.9450906826549326,2.6336058427918614
2.817894279703267,2.134412887947037,8.083900682346108
1.1125834587865717,1.544802431117847,8.448061277391576
1.0834481780758443,4.361832755131128,13.030141074452033
0.3330686791331221,3.5533064089292448,12.30165306958148
3.864175943235228,-1.0627199718077245,2.1001783916631345
2.842009908086824,6.2303743820728705,14.694845095115456
3.5192628075104224,-4.681143572768828,-3.489809685172819
2.1055699592766874,-4.371835277371604,-1.8961570074332004
3.632515113802092,-0.8302453089409929,2.6555661055606596
1.4484530842628125,-7.336546448940746,-6.186682778928644
4.806740966829775,-5.677679697508002,-6.098202275982846
1.6359507103534474,3.560080210510759,11.305275499414458
0.33252933874373114,-0.08370607718121903,6.415320223521709
4.454750194892313,-17.180400008210707,-24.443983808520443
2.625196758435348,-0.49549667509134954,3.976201575523544
1.2997045961998803,-0.2141237134344428,5.456445441504771
1.917618428672351,-0.5090601837841552,4.501322182662722
0.8606002326564901,-2.097787601355856,2.747108145856576
0.010204061049449598,5.178505579855236,15.181774751837075
0.8515482516213091,6.90991518939329,17.333680900277827
2.909734390612464,0.39844649187883374,5.203114602194968
1.0160356202265861,-1.4681443273040635,3.6460511840217995
3.2213539372461213,-10.150185815668602,-12.111490770092821
1.319110502951062,-4.779082724812235,-1.9472523457705972
1.1973975567910855,4.872100594697306,13.767942412655671
1.6446015183165974,-5.518934130586944,-3.3964096331087523
0.8884813290723512,-5.217924317346167,-2.3246000859991662
3.2600517157303583,-3.4770676779844694,-1.3405190213673177
4.707205612615901,-6.8084304497396255,-7.851441433283722
4.554387121203967,-9.003883318427084,-11.286776126233173
4.656841538498425,-13.637943048343338,-18.866528198769895
4.215991349705282,2.34227331447636,7.339378531970734
4.023015391602057,-4.743252712206914,-3.9798208539524316
0.5852882240596983,5.210848222644957,14.78948915297792
0.3788079756759397,-2.6553849905153495,2.217103596307513
1.6119399830606185,-6.591119994982961,-5.10656199852831
4.876831234893645,0.22189961881917108,3.3964732121942847
3.65343286128644,0.834509502847445,5.333911125080991
3.6343998591154474,-9.320199653539275,-11.087454444030278
0.7944587474274598,2.8940942323709424,10.877943560553005
4.803067623330806,-11.944140906260374,-16.238052007107743
2.9256992024114186,-8.331706730538677,-8.939570220525095
2.542139868572168,-1.5669976575222104,2.3061216094240864
3.429330670866351,-2.566184306358086,0.0029267229424405627
3.166524504177617,-0.4848104439817902,3.574962859803363
4.401834824889357,-10.971298598246179,-14.353222424244963
1.4357015488811848,-3.9062043109909155,-0.6245837949354653
2.6683994041433063,-1.5984517589352785,2.1575917043502795
0.49838127928757214,4.503035137778973,13.711039285452843
0.6276140264726064,3.094669282275778,11.331586122027298
2.5356689740952603,7.015260106026773,16.202087309094562
0.723516603762688,9.721862830047087,21.983997138137994
1.6551444956718893,-1.8440792425374495,2.54343923955547
1.9815719469255835,-2.873787050346011,0.6244058106334196
3.7380290914987158,-5.986464831557961,-5.771702327026171
1.9375447184698409,-1.76571004294752,2.4519433979578475
1.589522682596703,2.8101300837650154,10.12732714996953
0.9040216151699543,-2.717723379045559,1.7101284579404297
4.35973290970011,-6.678609877095255,-7.372664717154846
4.681319226259625,0.5772982823206969,4.122872740967868
1.3658607976639203,1.953877457390574,8.914351870084221
1.0177600777068263,2.5675103836371687,10.17669704976985
1.7331347256943253,3.6512016235711586,11.377622470370408
3.561341709955263,-7.517403398340322,-8.113021268356189
3.9429273540680643,-7.313018653361395,-8.077239048907073
4.7976686185076005,-11.310757969182381,-15.208704717304629
0.701078121005815,-4.334265378718304,-0.7494451293368973
3.245352904881522,-5.210788140950083,-4.13529785327254
3.905406660435588,-5.99954097666433,-5.9222772524496134
1.6486739838688211,-2.7607464746058223,1.0647543072782921
4.6364203326792826,-6.227948966251019,-6.857164400599609
0.3359133333095883,-0.9145965697280687,5.067851576418597
3.104402216288507,-9.456486407308569,-10.898268666935728
2.748172616742611,-2.6044867189875136,0.4675785418358423
2.79176852041003,0.6218979416337798,5.655992793123952
0.7130564648601507,9.73782984307868,22.01792822727872
0.4884456810284422,2.292873735287932,10.141425936363651
3.510323405223165,-6.974362929381016,-7.194628153958433
3.425169320756535,-13.31698526006819,-17.394751822249944
0.7644388118828882,0.2343069900635335,6.596108970447154
0.43151146020429465,0.4810307501264093,7.252855433432018
3.971863956010649,-5.957901484634065,-5.906263313590327
3.7599225779286574,-5.433615070506791,-4.893804981073064
1.4163525030200719,4.016650012786659,12.214049915917615
0.2648103551920762,2.3180060435072276,10.355011044216974
1.1551697736985822,5.184211681054586,14.305764242115387
2.081454230791537,-3.1577114083909326,0.08762971888160287
1.0984949228354215,-4.885270224323903,-1.9485519562736193
3.5487320710975756,-6.5712694828829905,-6.571890438196708
4.055198784474352,-6.524809108957077,-6.888272998909123
3.5566041163562705,-1.770971644491625,1.1916287732453497
4.118009012748324,-6.017177631443619,-6.11519984255223
0.6319413906480971,4.302719663893121,13.283551325666263
4.781396091054223,-4.432833782731069,-4.0637395154900675
2.6930661250222894,-4.243745009627969,-2.143065135011404
3.335867148815952,-6.305704967155981,-5.977476885095075
2.4416395926389156,-2.1068925192134116,1.5099685775375262
0.6960721580334106,4.166660068397682,13.013746102125571
4.680849623416793,-3.6919644431231,-2.786853649884476
2.1326099649583274,1.663945695730721,7.852254953412334
1.670150190650972,-7.144134715754488,-6.046659631812217
2.6334595670288707,3.7300343704887555,10.809119869204
1.9637315056165041,2.8279548717741396,9.866852997034515
3.2031972019462502,5.825853483569748,13.760843759312129
3.8109222118396557,-4.098382632308156,-2.772072363417606
0.08527497841312881,1.6140248488647788,9.354380314155518
1.9683289771878534,-1.3263235190948617,3.139318822377473
0.32345487789666694,3.127698551535417,11.620211110869597
4.286065629112107,-8.333729669895902,-9.9946307713839
2.3318175002674697,2.8528324596688552,9.62252822627481
2.656104745449566,3.781476838162575,10.874874534656493
1.7575619523498394,-0.596032736904708,4.484301141767661
4.596531460309606,-5.423985937524241,-5.52505541289767
4.6698654506535915,-7.811085203271013,-9.445435663819353
0.3769279726324486,11.754087573014605,25.541259694163642
4.644734682439439,-6.200921101982524,-6.819846336140639
1.497295200200679,-4.737506702427733,-2.0177247366079962
0.198980204127867,-0.9783286762774348,5.070568626176971
4.703073745206187,-9.82316568923985,-12.727799001612919
0.0614415690127994,0.285249730123291,7.222095357672936
2.8395384814732534,-3.1504755066159924,-0.4867819041218941
2.5333894057895705,-4.0801635171198445,-1.7548411801249109
1.9976537786879591,0.08382997514240129,5.399074418093148
1.8808903639036865,-5.856614946355806,-4.125658811682621
2.0497634569448198,0.23141290816576543,5.59765801737782
4.37871762328649,-3.8133573374740113,-2.749738659060772
2.0846962167763734,-1.2683479263809554,3.143185271528184
4.4361398833239205,-12.7962566928938,-17.333563537875417
4.017561335390676,-6.741917926435326,-7.210578334201465
3.232853837699336,-11.475197563133126,-14.265002898112344
1.3167003799460757,3.956671642197153,12.194018310189232
1.5910853971461303,3.1044683146074816,10.60252518051962
2.0821968802990773,-1.926492165194877,2.0798668587460023
1.0772978413617855,-3.1422273945739465,0.8890691646906963
3.137834392984241,-9.26305934318227,-10.611042480568793
0.4165500463327916,-1.7539354270641598,3.6469796641192636
2.562691513611108,4.190559092464067,11.609225479330178
3.7005453346200383,-0.7658570360442041,2.7071843504255075
4.918512205426106,-7.859520618506808,-9.716076356340626
3.2001602716682007,-1.497453420439833,1.9099259869025997
0.45565186248261363,4.092754129212592,13.080008664918886
4.476502768527631,-3.6552805389163727,-2.5694846558338713
2.0000996119295444,6.8299244588978,16.31619199893686
3.4714427018653167,-2.709230197618986,-0.2611621978575065
1.6654275792907818,1.4754052168862335,7.908298061874155
4.831939731261935,-17.46471646209889,-25.19579850600865
2.024610085674756,-0.00023636772825322283,5.242165731126885
0.11311295455228457,9.943494211081786,22.814664566140415
0.7534479063956959,1.72170756721325,9.012064827811564
0.7065708382952871,-3.7430744795189685,0.2031904164534044
1.7290567584838898,-5.91278623788968,-4.099183562075764
2.338249722013756,1.7264028582220425,7.79435283260033
1.8559242988298472,1.0358772573506014,7.049607237880891
1.6689053923342416,2.2817169771154324,9.210679071794587
0.8721145939763189,-6.018650285598078,-3.607974865166066
4.184426917884446,-13.900484903586415,-18.926215930259936
0.76899665297957,1.9653339835377324,9.394368872724222
0.4509019346948069,-1.1495816733832944,4.598607306214733
3.6182314759900893,-2.283600574690218,0.3142562452294344
2.0513341205685105,-3.5223081109189853,-0.4792068345428825
0.8823526005987532,0.3953103761579142,6.765537111250943
4.48334522592271,0.6565802628360222,4.40426233121596
1.0802028850365117,-0.4396439983010698,5.261136471510882
0.17323560129212745,2.357599855348962,10.489898596252182
1.8626450307859466,1.7036157920122423,8.125190834325913
0.8282671440085925,2.4753737442526873,10.174076795010942
2.892885424304147,-10.986606500268662,-13.211334008480787
2.560417043163469,-3.2594949588611946,-0.4474306002674858
3.3174609705188702,-2.878948168793643,-0.4168090487948486
4.739021289205803,-0.7661862640198889,1.903739296196978
3.066568102890506,-5.566565733910657,-4.5729179023463224
3.7630233210250355,0.03048190562901887,3.9478068739406367
4.187855902562345,-9.109783935089768,-11.17479468528226
0.703922586891262,-0.9611138667492498,4.708028705812437
4.13098539650663,-12.400815398388882,-16.45758069983227
2.7084443672573286,0.7130604788882187,5.867968735881118
1.1092783919721314,0.3841781708417116,6.572068044208352
4.098878176369701,-4.8655690777242295,-4.236452506438601
2.4686607938225635,-2.9715215331361784,0.08961642343854714
0.5239601066670672,3.2308981238045966,11.63222315853248
2.703729806471927,-5.24913371737653,-3.7785992961602353
3.001131311460905,5.164980566482231,12.847406463078219
0.7815366544627924,6.145036475441235,16.1498035920472
0.043976908820937854,-0.6760275763045724,5.679706292564958
2.1495738921803498,-6.121461297245727,-4.762066900782861
4.700557529125573,-11.870201460225452,-16.039118920260528
1.9606407037786464,2.8003640611655243,9.824585107008847
1.190841501145112,-3.5614715202485026,0.12270642499394802
1.851673853393218,-2.825989719957935,0.8022015352072795
4.2808361953099885,-2.483303713415167,-0.5212788304620792
3.8320760681288544,0.767565116177124,5.087436634786748
0.06597950447152523,6.662183928926969,17.540084597772417
0.878018887400176,-5.205415252057426,-2.296264137928581
2.7241597321928754,-2.825754083370828,0.1280082958855483
2.7254588895646124,-0.11126973693427322,4.52057970607943
1.0486541524750572,0.8246292434935907,7.331840268640958
2.7247883736867955,-11.757627556183024,-14.329316974016976
2.482499753343101,-6.575186483251192,-5.753857971206926
3.118765865181227,-3.6420423726401236,-1.4983045569738704
2.5884840194934466,-2.151911344534696,1.3235677565867645
1.5040344484255148,-3.8009394900756632,-0.5070381222912277
4.512713421819563,-0.6507634646785232,2.265531962335675
2.0705758309188536,-6.909195658207947,-5.975989604047307
4.904360245511202,-5.970569873230302,-6.6477404739051655
0.5132538643964977,0.021991696709698916,6.446669505550572
2.6480566933081873,-3.9063601134922914,-1.5621852705116477
0.9567967098984553,-6.346152090836172,-4.203531770365236
1.8915224512313458,-0.2882904428477438,4.8788293574579304
1.9000774028688046,-5.724164895704326,-3.926114204463479
0.33466989661428437,3.0906272235834296,11.551537619728816
1.227780721086505,2.1184037051728613,9.287407229401598
3.5253286631430902,-13.02155048181985,-16.994010314576272
1.6367134274015838,-1.4707732667395204,3.161910359974841
1.1795895784840127,0.782285477756235,7.162069477945754
4.275363061062077,-4.567371526308894,-3.8902514223639972
4.551359040630536,-6.865532256925969,-7.823369604875014
0.8948984654798393,-5.754098354527653,-3.197395402050681
3.419674516453666,-0.9462127238589644,2.632425706374118
0.803857205639923,8.165370478621325,19.402592901737805
2.9587110566213983,-5.178251584220676,-3.8610140980682397
3.8795741140793583,-13.370877637562094,-17.833309674912957
3.564961378070391,-13.51904124867899,-17.829875238412782
4.709022375493156,-4.60229616622107,-4.282069056804134
2.677752919187513,-2.6037032165919785,0.523292665165986
4.059038256335261,-13.360042764653473,-17.954527908902346
0.9515439507591404,0.6503600005122931,7.124855860732698
1.5481743709703237,0.9474798432744542,7.144471216659399
3.623752938181217,-1.819513632875555,1.0611432446222213
1.9597638346742148,-2.009770571850111,2.0397359624005715
4.177224094436742,-7.3384411667831415,-8.299536894869682
3.4301864815797143,-3.270727926984283,-1.13808629550915
2.8121109816454326,3.001099731262719,9.491163190832285
4.4835714106662055,-11.318442089356475,-14.978293344146715
2.3080151077449824,0.9019452595173283,6.483288954339062
0.218644114970529,10.452651957791863,23.55717780719115
3.1319664649038508,-4.6300778380739605,-3.107712779588361
3.846287414997107,-9.100087599738291,-10.895012070118602
0.8213455687740538,0.5637735117685878,7.0853744887359715
0.5514076009531229,9.873320736107528,22.362210444769218
2.0055332586500905,-3.615152314772417,-0.5940698606513167
1.8064412354975852,1.840291981161834,8.389865207154218
3.9568498740326197,-8.439419587726679,-9.911159271574942
3.5731673676582334,-8.072066999384997,-9.01992486344025
1.119194896366122,-3.3355734048367305,0.54373232273193
0.11805602341135324,7.7334816992919455,19.233788557567287
1.8254660864572987,-0.3418435716586412,4.843222409242229
0.6308598108192383,1.4028373644248096,8.590732609493783
2.690031242177995,-8.615488088292452,-9.216679502728512
0.40850712356970265,-0.1705755115589893,6.215972904319763
4.719890083914503,-5.9697922173836595,-6.503856105723148
0.6255403665768119,5.96621935195767,15.980986732314365
1.070053592327043,-4.155836589745082,-0.7459246430500999
4.193348097223154,-4.730223028277737,-4.090426540707683
3.1197256410546754,-5.711544305058715,-4.84867498381534
4.384910567575301,-11.594186006209183,-15.348322451123495
3.745883280385506,-8.946848740955854,-10.569355790982186
0.45992289052305224,1.9650713716483124,9.632908510349836
0.040428115195304315,-5.879805559335194,-2.740215310002783
3.864410507596742,-11.864997188287802,-15.38421671695944
1.1724271436847646,-2.113931753881297,2.479884418964845
1.3068854041626476,4.737165593313305,13.464888961118092
2.415004041041764,-3.0747202772540496,-0.03593223233552878
3.2122700327120794,1.1784202723047068,6.231645082630559
4.507418619569273,-8.586814751344322,-10.575408187351343
2.4316034676448712,-0.5178556415961587,4.089691435666198
0.6004678302150266,-1.945406701912869,3.1948718993082625
4.172960214256524,-3.8185383952145076,-2.599040338015258
4.845896525600476,-7.1713955807959575,-8.546155776718805
3.232925021731084,-3.3587939436099568,-1.1281116285661095
4.87184546390875,-11.661803769328653,-15.8342468686279
1.3811620623573369,6.427758134897215,16.143798901327123
3.9199347664625623,-8.353647859738665,-9.743790518203447
0.4391487953705542,-7.901385808259283,-6.320555656215699
4.902612290876161,-2.870404118934029,-1.6285617928650042
3.201477720582676,-4.7817301104421,-3.4069158012096783
2.9395807919003705,-3.983186015845502,-1.9119290967021811
1.7109521884255354,-4.418625951839559,-1.6667866312127315
2.8202542515029254,0.9176115021956341,6.1126009815624585
2.6787187466495372,3.0991212861660853,9.752951752147824
0.16281221441318916,0.7901923709974472,7.961002926076112
0.30496989094016347,5.240196109306147,15.053722716781726
4.467376883805764,-8.499050648610416,-10.40239724494602
0.20968705169896884,6.208298211922324,16.69433047712892
1.5624521486225318,-1.7925620653292857,2.698489644814835
0.018076422498590095,-1.3345909918786698,4.633802339517191
2.4921581590564297,-3.8036425832411096,-1.2753948972329459
3.9050164274255224,-14.436161592145035,-19.57721463551403
1.2812144050696963,9.121758869221544,20.581496592401503
3.760187969193129,-13.374433669903482,-17.74676028894373
0.161887014272992,-0.28991897523842436,6.213485243732956
4.063628556671154,-10.942453238023171,-14.045045368485184
2.9450974126530385,-0.3645850436022202,3.9407552194490165
2.75867949956044,-4.735872095541187,-2.9903358892698106
3.258396387005269,-9.253520929593376,-10.688818103442397
1.2168492573652365,0.8390902174435765,7.2252039370898355
1.4666138665641677,-1.59876813108431,3.086256894393302
1.2224814783316658,6.288490007500553,16.04107015839693
0.40747996453702034,6.380589132964327,16.82026859447462
3.069045102966479,1.9137213447448969,7.532515781092901
1.6634701942163688,1.7050110446311062,8.28144394917383
2.0021257735979354,-8.826347607145754,-9.02610613301493
1.853358159876989,3.4160026760595974,10.90398469544077
4.20610234491496,-9.062099229044676,-11.111721266123398
2.398492261014799,6.340696649802371,15.21632097946047
4.371386288393928,-4.511260255131854,-3.8736732462929986
2.487718343773748,5.470690078491679,13.73917031400057
4.742090823522765,-5.217782637563355,-5.303842726737491
0.6264590456305981,-0.9340197561251047,4.811774367964343
2.434404598213272,-0.29366667094845333,4.450390661880273
4.969538656494915,-0.28488448474179284,2.5045309463920398
3.2721089816920377,-9.274591326931148,-10.73352404563112
4.7406359692234785,-16.018004477833507,-22.78360487281728
1.7202070445615854,-2.250171126501079,1.8358481369904567
0.8901354752737156,-1.9986709661602244,2.8846995154110577
4.887414059694575,-6.562792847247601,-7.593191093321854
0.9028461972102871,-0.623704343337202,5.100348195605534
2.9985406692248318,4.20740548588252,11.29950964545004
1.5861343342423595,-7.15908204826475,-6.005894865084115
0.7268315900404548,0.3100320821324265,6.747751684245357
2.3751757129599933,-1.0581751015774046,3.258775877979498
1.768289309952446,-0.012660456188853836,5.420234491355772
3.207077502469091,-1.6996245383204955,1.5773502526869285
2.4151733374504643,-11.348535170617481,-13.427790188972414
3.065911750332659,-10.98563888948467,-13.343545583817564
2.285753238979623,1.42314498041521,7.344097906152631
0.9496177378342205,-4.656068699927626,-1.462467367566538
2.172080419470513,2.5192847225145307,9.206161685664672
0.8258628746407949,2.567108260655259,10.324414187159183
4.754725414645382,-7.854203957701303,-9.580836939491842
0.41452868354903116,4.6367464611643525,13.992291879124963
1.3192518215122377,-0.2329366685752483,5.410882195571834
4.114179098116001,-6.487966896329711,-6.874242847176097
0.8171669504060909,1.514188727768909,8.626916331236066
0.42971778415425144,-3.673169985968235,0.530388353235264
2.9990950633807594,-8.440460382333368,-9.17234237015844
3.130169074049737,-6.9906396197243375,-6.927051448008541
3.8115535342158156,-1.7335930940894388,1.0550107760772134
0.2742054104891405,-0.24521438698231446,6.1990020974549385
5.023583429981178,-3.6784350015277467,-3.0299447622812745
2.2712299595308165,-6.318419129452673,-5.174916513454775
0.4340418928572286,5.150314438318589,14.808449354709945
4.2795817150866355,-18.051991584704247,-25.719279565939157
3.022164612222778,-6.37737713905046,-5.8509396320456855
3.721327353630835,0.879539694172145,5.354301950543806
4.372996362669393,-4.382002201428308,-3.665705225733632
2.2174823029228588,-1.2248463621161036,3.1109300697331506
1.9235931644341517,-3.962175963690529,-1.0923978985895575
4.287305465722095,-9.982138532879587,-12.663650216400278
4.548544708402585,-16.790684861548943,-23.885722113772818
0.563657488680992,-1.3651373005633265,4.16253746499855
3.4934014264785516,-9.035355704193623,-10.517400407565905
1.6549561965987054,0.6843865198857009,6.636077081518197
0.01570254342641024,8.197338422348917,20.063707949357482
2.4063878189972083,-1.405207639427136,2.6729482500046
4.627191140910504,-6.202445276437389,-6.80874928126674
2.4441967333643504,1.8800996269487618,7.961207001646398
2.325881728092848,-5.616333193822082,-4.080797883360557
1.8433664673220838,-6.118777646869032,-4.5209746880152615
3.2774269403487692,-4.4522590248720455,-2.9323658419133025
3.5931232318479562,-9.044698471104471,-10.609623610988468
1.4272786909931545,-3.509447963513457,0.024105345085085217
0.6787725896810761,6.147682192205724,16.233539333744847
1.5911686098901388,-9.991606631054282,-10.594419135890242
1.0015671310783665,3.733710511856198,12.076790362228518
3.444460105894176,-8.99308540262519,-10.4111434104432
4.087835287540087,-8.718049081331475,-10.463413087091503
2.2343209037560445,-3.1078226834139286,0.05018698126640653
4.65450541734912,-3.7547165205451716,-2.8680537261395327
2.7875037275100265,1.1196670543389644,6.464963035986552
3.5577941961680537,-3.4303328214657745,-1.495079259991262
1.7004048583046947,2.3164655686901403,9.242567757624348
3.0457717141635197,-11.983927372106628,-14.943771227888558
3.59358749466126,0.9318120022300007,5.53767205892008
2.8301354925738145,-2.844721705912885,0.015371282312282852
4.430037687144059,-4.34598183501666,-3.651506130959767
2.5481172912621646,1.9974656980706014,8.070824268684829
0.9370901529118878,4.6729750663352565,13.646904625859758
2.9234425099853167,2.9176329843484345,9.269989110461404
0.34817866506040995,2.0138311402170666,9.798226089546494
3.0550181378231467,-4.645585923623715,-3.073319988379173
1.1684813060983203,1.341277115777085,8.075423636117474
4.072149974328178,-6.902408929100145,-7.512549807157734
3.7889745053762454,-4.596759811658295,-3.5617602434421256
4.723611651179038,-6.583764320312503,-7.500488717901577
2.702222834611995,0.03102415887496157,4.768857247255459
1.9433482577406884,-0.7314023752631903,4.1215529834046425
1.0063983289409588,0.25114439592972126,6.43628706945058
4.695349280094984,2.849587503828004,7.789878467102115
1.6976139788795748,1.8539741366237938,8.496152010125382
0.8218034889092072,6.939261967758856,17.404178217433778
1.4185088856270718,2.9314799828981895,10.455961844420294
2.4983789903497566,-3.410062666522672,-0.6431689971363899
3.4266701485041717,2.5307614240710317,8.254733943454676
4.480623348093527,0.38715323088116715,3.970280978354718
3.4249295704345135,-6.9743349420219936,-7.1285594194657405
2.759334879721143,-5.337059674661154,-3.963905222633488
3.276976075862307,-8.074202675335963,-8.794377168213714
4.480363970561243,-11.54430964797609,-15.341395334242334
0.7366369460796856,-8.31818924564909,-7.2251872275852485
0.29628190495230555,1.378849759198984,8.810590630728491
4.105460847894551,-12.278348668272105,-16.239625381877488
1.9322242919526758,-0.05196661215714984,5.229866209573428
1.8491308454742665,-7.352983265825182,-6.523076477572901
1.801405311266908,-0.7562136913209875,4.191139366000705
2.5447385526521162,-5.803426773891102,-4.552833660997759
2.172234635284957,4.782940378577195,12.869921702029341
0.11792818400735139,-0.5914876543840428,5.759363393787277
0.22732105074589548,3.8886545018582757,12.926196815189309
0.02501322238515513,2.605214793712909,11.005280264066316
0.8980567100139403,7.926829477912856,18.943666552957495
4.3108608654777445,0.5723192093052503,4.401238827207389
0.21812487077658882,-0.178349982746433,6.350586094294613
1.2633987184516162,5.357233932394353,14.502133698659335
1.8785725546006111,-2.0275653295434792,2.073708118941122
1.1262825195224155,-2.12558006352857,2.4967082048352807
3.91568579751568,-0.4317418396590811,3.0816334640057037
1.6068648255303657,2.411456102143881,9.468638120133694
3.5852541519863266,-4.5841220795606015,-3.3837959880470843
1.7676345443429535,-3.7075525490705967,-0.5596911567481444
3.8753303819848988,4.973749942626011,11.861987598250167
1.9533624094555373,-4.19273783683091,-1.488594337441246
4.724470900280284,1.9788898304044436,6.35807981030829
3.143717969117171,-1.2659684431200202,2.3282391787465166
3.4230523315978156,-9.237666071625862,-10.790461988588655
0.921224380964681,-6.255081365344232,-4.028624420421018
2.8019213759073813,-4.384754793232867,-2.4554619302142227
3.2879900074725907,-1.253703523137721,2.2365448385795057
1.9687450724215165,0.8395231558591769,6.64456593473273
3.0009603074847204,-8.59250579109437,-9.419880251657787
2.7832133618943184,-1.8150771259596579,1.718198933498728
4.281868876306256,-7.672210999484191,-8.92067343874751
4.452252479502825,-5.341886704104142,-5.280620962620722
0.23091013204763305,5.931174948464004,16.229378876275856
3.7711942623503094,-2.997363369899351,-0.9592822595840351
2.191051276392157,-2.9132405634346936,0.3985857735899345
1.7405106522784402,-4.245791478446419,-1.4098959257514474
1.8675142289623157,-4.011737571471696,-1.1292584896921052
0.03682685018511278,-2.636958663666255,2.511335327885031
1.6086347193290207,2.52382328862321,9.649143566945966
1.9083681229433365,-2.635826582447603,1.0661594246360522
4.297850702519524,-13.388006170724037,-18.184429741843545
2.7400641436286275,-4.1354246720074395,-2.004078541704387
1.6258853858155915,2.867222652429316,10.19162098896351
2.1324439242938884,-7.661232738845744,-7.241046486388753
3.6127443718326613,-10.007892805047968,-12.183788918289768
4.511864424600387,-7.148009015664843,-8.250041464376396
2.8772378542066286,-9.107866400022445,-10.158368391343268
1.8923907591408493,-8.251127968907388,-8.010231220717642
3.295162420840097,-6.427609989231,-6.143316951279774
0.8534857366713345,6.385269797359581,16.483008978394487
0.21892913814962212,-0.914771048997062,5.15801713300243
1.5348627065929303,1.0745607587392432,7.360452342716707
4.739733848096662,-13.987448269399604,-19.49631530177159
0.3221535602965584,0.8060675994838717,7.863501068146656
1.2914924489535626,-2.7402698927811375,1.3740569233948503
2.307597618425298,-4.713646940875562,-2.6056027270658375
1.8425099525151638,-2.069663028200025,2.033452460334536
2.356828465179304,-0.15389301102280706,4.736602821116157
0.712838037915209,3.88319409036717,12.541974536979009
0.8027921475358677,-0.9566797589142162,4.638763227634312
3.8098121437357664,3.0697571965623514,8.830903349239108
2.3566753897305333,-1.0055586366467255,3.3582429559197795
4.834701330541103,-4.932481765074867,-4.913667141153322
0.20603815166157946,0.5223803270822236,7.4941103457637155
2.478231902685404,2.4676690785617446,8.88591299532395
0.3987818320568888,-4.930728277322364,-1.481135938078752
4.38021740103977,-8.043776279618166,-9.598116422650097
1.993593472394838,4.62527364264524,12.752846371217961
4.8515281362094616,-14.330267352174866,-20.137626407342665
1.3730376952591008,3.5861726111506016,11.550782675143806
1.1041608204056934,-2.1155146716865842,2.5301034203299047
1.921735160273294,-8.138466413045517,-7.850568932375525
1.6487249486062503,-6.034260279885677,-4.233687826573104
2.2977635937439818,3.335991835538618,10.430883494283032
2.850660874428902,-0.7578035882091869,3.3773194293640936
3.031502636175901,3.718794505854235,10.483174836990123
3.9482246657163573,-12.714186643564801,-16.823489171978252
4.280151155608882,-2.5482902462774675,-0.6259342660085556
1.6764969692185447,-0.2439745538276903,5.116807562911568
4.0264796630471995,-3.51177269584364,-1.9892658951228737
0.1535981459831136,2.270137361513279,10.363517627597538
3.0249194340013372,1.3245104118166426,6.6129545498862505
0.956590320618257,0.10698375256604487,6.24146310841341
0.8281921763525619,-4.192527593556097,-0.6183129766880735
0.504862634378355,2.786890926824402,10.9283330612003
4.51890977153206,-13.406501874968693,-18.38528118993877
1.0454481349685383,4.32836067957235,13.00534452776269
4.2645591571099875,-2.0724491537595675,0.15630178530879135
3.41137371024037,-3.2022562849447436,-1.01271497115755
3.664491241415933,-7.288279218192022,-7.821919839475291
4.1591887889227666,-10.537757576594236,-13.463901890981315
2.7326828336274667,-1.9920127049344838,1.4708851565112857
3.335682150840639,-8.649079493378943,-9.770243466235026
3.551590577696472,-2.5847520624963343,-0.12165339498291128
1.3036545202622962,-7.036371840124367,-5.588876912223542
4.558201344644352,-9.336468912699853,-11.828037347023846
2.4554803595821104,-1.1165761922963393,3.1021611181846485
0.5366607771061189,-3.1377116257879383,1.3143793318315988
4.732367004646635,-2.0244141230572863,-0.12764244565726512
0.7568927734178446,-3.810517937150478,0.055121528166483635
1.9670517775325134,-10.156908540547587,-11.152590734443596
1.8563021271102644,-7.780062571846683,-7.219877696128955
4.870077566057682,-4.7183220469362706,-4.5943868330870945
1.4370942338718182,0.3469481334387575,6.258353326412788
4.7412353151448094,-4.615538651664192,-4.328408795875497
4.396697355158948,-19.52897069514508,-28.200419396574844
2.910857955451036,-3.9248843009037238,-1.795356379676749
1.1424112936790767,0.5873734443333496,6.875336124447674
4.172263998999204,-10.411410421759943,-13.26950978618162
2.2056288936289477,-7.860844467374144,-7.620715503269778
0.4678252860409772,1.000422843110071,8.065450001907148
4.686769638245338,-5.122035964094737,-5.1060979359487355
1.864861516342383,-0.1022472487245557,5.200566080390305
2.347692688814447,-11.284033807831651,-13.271216780682995
1.3060597432024381,-1.8915973641419745,2.7364277049652372
4.010625210441247,-9.354872070913375,-11.434457969208054
2.777970331809684,-4.046454917767292,-1.8893826962614355
1.552151061481191,5.719621939714302,14.865430209930883
4.725252529534648,-3.747484802689518,-2.9110478204553374
1.0387679285830882,-4.367840646807556,-1.0648785510236265
3.6245219262589456,-8.851470418713397,-10.32114732332209
3.6024633513781064,0.44545269556871836,4.7436042478253215
1.7846687537786372,-3.555684095595314,-0.3270520655578131
3.2771680225579174,-3.440991819138075,-1.2953615237870588
1.9570606742349925,2.980800213897958,10.119401131464535
4.176348480252277,2.4942833703195584,7.616067490627559
0.6760275309544059,2.963795705085907,11.082326839806909
2.106730001566266,9.991201789674317,21.35048965612169
1.612929029888363,-1.4017936836216895,3.291947703354055
0.4175861088915268,6.85953082112032,17.587654291040284
1.4921610276496649,-0.7290608816020557,4.47418455212297
3.8017346716481097,-2.290212501429153,0.16167633958627858
4.727386063512491,-11.214930239448675,-14.999261139699572
3.0192201066251068,-0.5086997505605633,3.650186857607294
4.005005376968478,-2.6425281140794836,-0.5657318082042053
2.1734519712438187,1.3864726805532062,7.371568609451778
1.8370627079924708,0.6305166386559666,6.408086857260089
4.150770725783415,-1.5589545183453675,1.075404576069062
2.7236480512025656,-11.877539284257686,-14.522520531753502
4.11245426744218,-7.3452021498241695,-8.260402305989087
1.0797341794045505,-0.02841276465855036,5.927104326582099
0.5888195891144057,-1.3732932798309831,4.129882033742719
3.5784394968361726,-2.8400774199134124,-0.5556733114938981
3.898577619319191,-8.70102349949004,-10.289528828013626
2.2887835554288483,0.05644283240308212,5.129655431968589
4.568035166509293,-5.460741247235342,-5.56251405175824
1.8311534392680673,-4.567086055661464,-2.0000145900450477
2.0974992925204425,-8.01163482045882,-7.781177942975744
3.0023670995246,-7.095293986743369,-6.997629714645135
1.0987129149594839,2.8500433676787065,10.571405911411969
2.979856293038036,-7.373571940668629,-7.430636794918102
1.5303611416856728,5.743609631402404,14.921103086281756
2.38599726835515,-4.023592483651632,-1.5493188615873932
2.4517721694222185,-2.303121946690609,1.184523880094244
2.816979374523223,-7.498587513057371,-7.507052362369576
2.262529661336294,-6.599411469444413,-5.622994797743007
4.749753873840304,-1.4100197412198505,0.853353371173657
2.1209208052755177,-5.3853430989231645,-3.5484564481852514
2.827131875928136,-4.898121853620671,-3.305872968472556
1.6068739223856512,-5.6884623028681345,-3.641632788905514
4.6812585388999395,1.1076326283564404,4.981301546015258
1.0617572602341614,-3.1752098974057197,0.8477001779986435
1.1265008063107262,-2.537073304114264,1.8305098886908282
3.6119967924228833,-2.4491711308611324,0.05108957316386076
3.441608570330557,-9.756858475993111,-11.645156903730602
4.971529483749892,-5.985701885984005,-6.7241654903626245
0.42167000229779383,1.0223557855258378,8.136635549232738
2.017091895597012,-7.299328971877162,-6.566094816354784
2.948893936737674,-2.7498625429369064,0.07708748270946786
3.572568105003218,-5.600178051648139,-5.018542667114796
1.063657712724027,-6.590714185442074,-4.681993079665425
4.1921793675198655,-3.4821806730492084,-2.069482250624659
1.8257264600947325,1.4236018604700686,7.700513521234399
1.8394368219028692,-1.2879376894899996,3.3011036434012904
3.141186288290842,-4.989019859881849,-3.6958130698121523
3.7138218025506857,-3.6448395224469694,-1.9629077346426251
3.5164188032545742,-5.1362106201699484,-4.224167491480898
4.850600087832113,-4.103452585432293,-3.584119883134133
0.5018737389617597,11.368022552692914,24.819783874966976
4.005281498837952,-9.468284763237596,-11.613892490588267
1.9396449047198405,-4.540245442673795,-2.040452939406303
0.260910152146296,-3.6744944943142936,0.6587605236575755
3.1230669708056387,-3.598479375354939,-1.4311203695442944
4.927016468248981,-12.243543613024327,-16.81848824704137
2.4172918607177545,-6.573548693818083,-5.70079070644112
4.147468087273736,-8.353427946513914,-9.919355136114083
0.020789004078118678,12.114843725823441,26.400521656141837
3.32338189640945,-8.046736873898062,-8.785801225146852
3.586469793313817,-9.912208385541906,-12.008602679105646
1.1129164720268117,-4.289250455014013,-0.9950040097316897
3.5225365956392487,3.3104352529361813,9.442568104295491
4.318216450517559,-3.9891687533882174,-2.9875239594252503
4.733879449115591,-3.630925212169136,-2.729058290308826
3.3211406282562823,-9.657311323325587,-11.390891657043072
4.862390974096762,-10.314879018000338,-13.646848504692796
1.6321993635047665,-10.683719163074146,-11.746373417331611
0.43681029668081894,2.7596498908328586,10.936857222976693
4.150425445971759,-3.8412880817854345,-2.618439168487234
2.135470792384691,3.490922436674805,10.807128058815561
3.796403483844763,-7.742190447268831,-8.658595548614723
2.0750614926327247,4.53290627852368,12.540355430036664
4.8791958026726405,-3.9784891545825762,-3.4039673237190073
2.120085507785774,-3.6676310244955235,-0.7675778594538555
3.956131537202134,-8.192716397364121,-9.511298137951792
3.5008784736586356,-6.569930492868226,-6.532724515936913
1.236511067544078,4.685804076398156,13.436167784661324
2.5194027502074228,4.071228713043326,11.449550528865277
1.7847191518141197,2.980443590971645,10.252072166363845
1.1719924884711228,4.530646692829321,13.234918541484584
1.2131731738745084,1.0773860326407465,7.613743990454641
3.496664767641848,-5.563955671573574,-4.901228579026913
3.6411496767535336,-6.658047125603393,-6.783799863312202
2.9378610415252635,-0.9950917787456153,2.9258324735813135
3.7436786901437196,-6.569934575629178,-6.720455499892623
1.4818683919146178,4.982713308452678,13.72703394914269
4.809406157007703,-9.381285024349213,-12.09479775067311
0.2929088372197016,1.1579969560434755,8.455733417659403
2.969689131612834,-5.9720521752277955,-5.1543217089166395
1.0683668663774544,0.14510165341398107,6.216737903862855
4.777619922938445,-3.2845929807053804,-2.2023147885271057
3.3116215140287664,-9.851212589371336,-11.697374089139915
1.690782524843565,1.6425419859492645,8.159216657685223
1.3664388123310207,2.6404863405583354,10.025227725049719
3.117776400538793,-2.9396301231930555,-0.360637970030373
0.5685257319345551,-3.1303308052645527,1.3016888528069517
2.4691805959710984,-0.579791759083601,3.9603903738315216
0.16291617899444866,-2.225589336084204,3.079676586817876
2.0528601919331178,2.7089213820956104,9.605278183447755
2.505016447522317,-7.736992541067266,-7.651728478225454
4.9507281294534735,-9.304824923698375,-12.0803069795246
4.052113987813435,-6.031340285075666,-6.087175393908167
1.25878765605777,-3.5243156459324556,0.1303121940110774
2.82538571964636,-5.186161727588166,-3.770734853373826
4.5503458152737775,-12.41409323170703,-16.803306128069742
4.093084532907459,-6.50704545727833,-6.888813226500176
4.162714524204904,-9.34880095833346,-11.542221439694996
1.5158769530405256,4.035606872780002,12.167784154085858
3.093383966917674,-10.03227083703643,-11.821695661246023
1.6773569037249927,0.5021033659845525,6.323720091660728
0.35014248138205684,3.013740322297643,11.415128142957128
1.8872722383437728,-5.498777302097232,-3.551408701359612
2.0385893246936067,6.795904350714141,16.23136930231504
2.21791029792969,-7.646724513216049,-7.283643464835647
2.400650109716957,0.27508426771753147,5.397050143947505
1.9025550782094267,-2.431462068627801,1.4014316011478662
2.1449470491178317,-7.729557606006537,-7.361301854449866
4.260173162439508,0.2184188297240537,3.8676171148206473
2.64039824215123,5.117901750792816,13.05011203344205
2.5432836957492926,-8.201142223821137,-8.432572880602649
2.32546450081444,-4.087785735047456,-1.606418211639125
2.047575513063377,1.6923920428131003,7.964042856624509
3.348530064638246,1.2674509117163815,6.270395827975699
4.753265657196516,-5.967752242094703,-6.526359058473002
3.4311264812272655,-10.574986221725933,-12.961247428807335
4.789328028669763,-14.450896227628744,-20.2847814915235
1.8557015203076506,1.2795455086062568,7.444172970181893
4.392284824862584,-9.025277871712962,-11.196073000119359
2.6431269189553905,5.896161173829354,14.307667650017255
4.307743422163221,-14.069002073568324,-19.29431620419369
4.45571568638427,-1.4268307117875274,1.0534834102756983
4.337353164778663,0.668691245192464,4.5367405718845735
1.1586936811062796,-3.5041588402481008,0.24032639616446794
4.9196323283291,-3.338487499159882,-2.399345572211381
1.6899119483098104,-0.7276777670108868,4.323529332323945
2.3074541530442896,-10.839631017175185,-12.520809925638503
2.2223179721341326,-5.250486120708002,-3.4085779741266786
2.5207266238166524,3.4881835995309074,10.5048291438568
3.42238376095923,4.145964585276996,10.872363205439562
3.513839891138708,-0.8144495952159783,2.772887937414669
2.1633100547323956,0.10037547782322187,5.297774967743079
1.108910022971153,4.571775725760466,13.350261741931751
3.903037054949583,-1.0761665791252826,2.0483681405724194
2.727109251148438,-10.668329973182084,-12.568009835712381
0.17178383148429077,2.266900219835448,10.344217579075123
2.039230364526531,-2.430118012168919,1.2979346421519922
1.266515251115219,-1.1827366627975668,3.914340903449322
3.937900185989747,-4.376504668296003,-3.3204064169140395
2.719526012442823,-8.253389756760786,-8.653403240837202
2.3094975641446,3.4095940644907694,10.540941379689913
4.339342213007574,-1.1379409638964737,1.6110467134725663
1.150400434940096,1.032873789850516,7.590231544480095
4.696107435958767,-3.9622512060956994,-3.236127783867013
4.409244995648221,-6.38886122546547,-6.9419679555456915
1.234523375060615,3.998248344523398,12.324849303321875
0.324276815925731,-2.3472037988456935,2.7580771536996633
0.22128370099107864,-2.1213361671796522,3.2032897032182266
0.8696127755553011,2.7528951939710997,10.591297014395094
4.463731089810562,-3.8268622548963074,-2.8373266261784726
2.295483901498383,0.22951243441218838,5.404599781699288
3.339157228386207,-6.4690922941011255,-6.2444740570492865
1.0975913806882311,-4.565158478858441,-1.4297309343804316
3.6950516109739473,-10.94002623557506,-13.75614669226445
2.9643455077427587,-0.2684047902511495,4.081547508746375
0.198127829163954,12.050574584109247,26.159385731079652
3.473023748610867,-0.21089073759961163,3.781346198730456
3.1518227227544267,-10.899918294449204,-13.271224290399967
1.220349669173226,0.7983530175583513,7.156561641136179
3.712440071137614,-3.936598278780355,-2.434070641479891
3.940428275606574,-1.323472604922289,1.619177125254749
3.6599094899463895,-5.636447911328287,-5.144777090254022
2.67189495882219,-0.6927566633616247,3.6208176238022074
0.023387447988357124,-0.8310551349204438,5.4447027690120695
4.3242583853887115,-9.800575459641372,-12.398348810483661
3.8143027696218645,-7.214441925584787,-7.818238078433982
3.618249693684611,-8.02210779130381,-8.973918547399691
1.6300573241822818,-5.090906481813425,-2.6923729877004616
1.6376458208003313,-1.2024905811072717,3.5954230760438577
0.6524791495980409,3.4814120424330164,11.938330528985759
2.821522829246971,-4.95789342009307,-3.398280564713765
3.849007099574756,-12.18452732625438,-15.889488421823021
4.745167599594715,-19.457247970470526,-28.35375596505566
0.7332030725008216,-7.215142039460352,-5.437176031345674
1.8412160358025702,-5.591832390335976,-3.666415637893485
0.19211385442715656,13.013052365277524,27.721870679714506
2.9096558294420922,8.095171280693885,17.660843175341547
1.1842175204647578,-0.5303430554387292,5.033913567447646
4.405634588963671,-9.230557084483495,-11.538652798290057
2.5781560272757647,1.1249777205290756,6.63541880310769
2.307431563718062,-6.497995382555615,-5.49356255808306
1.019743636153403,-1.0974968209143456,4.243102250617097
0.25763120005771967,-1.1936792637715854,4.676662349620198
1.9994067844711558,5.857252248665899,14.742392137467483
2.398307187609174,-1.4984234183844483,2.52831988191352
4.8143434203496,-1.474961913311017,0.6983017792684083
1.1167640949768451,-5.296259401056351,-2.627890705014296
1.608666100626131,-3.9018542374527927,-0.7512728646761591
1.3926217833659138,2.7060420892501194,10.111090393338854
0.3605647956100907,2.0639143783288008,9.869712676370082
2.533968573752504,3.6223327481851566,10.711720384261826
0.8473204647603816,5.122012934013621,14.443109367156993
3.541916425162646,4.442730031650618,11.260279735037717
0.4353668723008228,3.0927421244298667,11.477105457282487
0.7114626170134992,3.173903449931472,11.395003254875805
2.7221569489083115,1.087831573960258,6.4639589390833585
2.191314118648119,1.1953704005802657,7.048446320421254
3.9588876443700345,-0.17647105535266405,3.4614043229491704
2.331704192572981,-1.0501882838107701,3.3053136934954557
1.5371704501706605,6.473470218436411,16.09716692735881
2.434684396758465,7.903217062026047,17.717383126211274
4.161160635307071,-0.3030339081711868,3.100163629555693
1.64293383582502,-4.397177512509398,-1.5794815479935345
0.5390534359384209,4.442475142376887,13.581572605623085
0.798619452209224,0.0665773573083972,6.298200015730181
3.7480881572739637,-7.854142360065676,-8.802441596077779
2.990632820430058,3.4896236897867965,10.143845493392092
1.4695985207213471,3.5239090061526968,11.375347484123168
4.131943287997858,2.5661429183327087,7.766709506524528
1.4620384741710148,3.219377228087774,10.888287431276321
2.112671117823599,-1.3756926891330703,2.947811352797981
3.592517241837142,9.65088620113497,19.650908799225427
0.9664324773339765,-2.0470613591941444,2.7473863108647145
1.0191926300923693,9.116183388434196,20.775058092881288
2.7878386501159405,0.8133946544460948,5.968981563812662
1.4223125804839831,-5.3198031688927845,-2.9022369557142262
4.160474072020434,-9.149800613750227,-11.218393732425639
1.7584707241103206,-1.9450571789794309,2.300111528009461
1.9810287561714213,-5.698968081947188,-3.94792013163256
1.4442844361595186,-2.931897308747104,0.94576177773255
2.6932975117114073,1.963434957386162,7.9034951077261155
1.7866344658732114,-1.438298735371385,3.098559034696773
2.370221031285272,-0.240670028808871,4.585793719647377
3.3924187074926597,-6.967043531854672,-7.091621553283257
3.8830019703498744,-8.700962881042724,-10.277388182607037
3.0341360957883574,-9.790892722905262,-11.385200596173318
4.831638065279978,-14.72179716708686,-20.75596551610454
0.12647585311405152,4.2136385616552925,13.53017529188018
1.0808671990296161,6.3996160511755855,16.330426206332888
3.8016833097843827,0.6824959317684964,4.973245011385273
1.8896078080823449,-2.9522084134516406,0.5685789061575777
4.932242855680399,-12.318736250397217,-16.94423345301645
2.3389693098582125,-0.06331588643675634,4.89701605735355
1.6802824049580198,-0.21523450340056421,5.16039850914776
2.129512290000564,3.7114424661308876,11.16866148888394
0.9331326164155982,-7.206181807218524,-5.577251608499603
3.038726116339043,-1.2052624385809636,2.5076718548687458
4.1290575285820825,-4.542198507927386,-3.736389031265306
1.1467027420786389,-0.30780826624371804,5.423106197118051
4.367721567603459,-18.010247000195257,-25.719859699306497
3.7601491068423765,-5.98792540185489,-5.791168757049677
2.471618491456896,10.082881549097882,21.216760897897448
4.746480930789955,-10.473380825404341,-13.813776895504919
3.5166087030786883,-9.864771970103298,-11.87780956663858
1.9740389986895914,-10.93477592434583,-12.417023791185315
3.485859422524494,-7.435113034445152,-7.9214685840871155
4.317536543358399,-3.322328427717075,-1.907672267360629
1.7090745848549436,-8.277099116418077,-7.910533815041224
3.1774453680449075,-8.415985841485615,-9.270622703192199
0.03260200066409169,-4.4196805231003005,-0.37085365628275824
4.925957349022783,-7.452791471866638,-9.063514135496334
3.313497280053173,-6.1096802049214265,-5.64290201907217
0.476623857381436,1.7267373839479039,9.234236301873487
3.1687229822229908,-8.349342296654685,-9.156011799764519
2.819881731779466,-12.458284949292143,-15.536900946171285
1.6431300300335006,-1.1922948785484813,3.6076853149264085
1.519674972556593,-7.477298356094659,-6.46956542424122
4.814226651572078,-12.963707026636504,-17.896916250441247
3.7444401021545897,-1.657211714419104,1.2305288737918285
1.544627234882486,-4.398223037872728,-1.5051666808433266
1.0830262364210508,-2.956403857516394,1.1854080954042092
0.398741583836671,-2.5455023572361246,2.3795440970660935
4.064231822015151,-11.572875408058383,-15.065892564368422
2.3917747546969257,3.563932703630655,10.727135111532245
4.491682020603034,-8.118180643935515,-9.804725327316959
3.9755510540679357,-6.51403231935759,-6.809249284309323
3.3737260237702578,-8.744831941733949,-9.954639408914375
3.3074248466383342,-5.922558106246581,-5.3353373036384095
0.7904674288751405,-3.302003475205399,0.8522277454545963
4.590622726626222,-7.387716984462788,-8.698918048581024
2.367891542165048,-8.51662122885989,-8.807590022448087
3.573682392694737,-9.518233517950604,-11.361041044632373
3.344949281927782,-8.517358031964806,-9.564208414592262
1.0280856007715884,-4.430962965311776,-1.1587870871649113
0.7612512879723659,-4.558366402030768,-1.1586914638272838
2.823286909421732,-3.742365271678529,-1.4322302527129593
2.283366711304805,-5.948159919346466,-4.585010725311647
2.73689449482009,0.417096845784348,5.366935034500222
2.3549102865132867,1.4012313022494234,7.255159404642299
1.0260303692864348,-9.149427054643109,-8.794350210876235
3.9595241424558214,-13.328925298024192,-17.827221465937445
3.6465069965530423,-14.209880171976927,-19.011092731466974
0.8075668978352089,-2.362817205029245,2.359143332143291
2.088016161790019,-4.565339864907078,-2.195785261136451
0.5909012372076325,-4.784329072699273,-1.392718757223173
1.3307848863270026,3.123889382550818,10.83521446049091
3.3774933410620367,-3.426212998392447,-1.349008926386992
1.2118849007624857,-3.9798544431128535,-0.5707445328904199
4.599234273186267,-3.909368023337388,-3.0756339505345105
1.50542613169378,-6.6436923450785095,-5.109301219931729
0.4906432510813934,-1.3814398932983667,4.192602596594483
1.9267170321795308,-0.3691915898014805,4.720674216937389
2.587095688045757,-7.843675549516529,-7.887862828123833
4.745540863863539,-8.956576365152157,-11.357999817603773
0.038169723974700066,8.893115551083042,21.172499313643396
0.4356441274019567,-1.1131980553277834,4.669293430941573
3.6532471448408907,-6.237807356595926,-6.112966799150725
1.579595596306845,-3.389817682756675,0.09996907663469257
0.8744430581633829,-3.9399027043108803,-0.24518208116223184
4.656796719770219,-4.331389205500512,-3.8032088871112815
1.5805507145893107,-5.1030247551419645,-2.6737105037705686
0.5406625892311143,-3.802203089359133,0.2357610542072135
1.927355189650877,3.510009898073469,10.998929884165477
4.001939451157787,3.682232995446388,9.673690801870578
3.548629192940792,-5.56896631983878,-4.949515671563934
3.524432595771017,-0.1248489448130794,3.880863171991456
3.597386734832773,-7.1806311273513685,-7.595801363202816
4.354658998122392,-9.186462373038388,-11.427870046378098
2.3212826714942683,-1.0373969355121408,3.3340748973156162
3.9432468632492306,-4.193657379388459,-3.0285896139875215
4.457450588006871,-12.643007698535486,-17.101996380197303
0.04223152315692308,7.315041661633517,18.61513992414828
4.898009764984225,-9.816987633656728,-12.868516906336001
0.37706974366747037,-2.964957933724972,1.7173828607394128
1.9741918911433445,-6.202643968999661,-4.757867485140417
1.2603875770044415,-4.249253668117223,-1.0442858571636224
3.5628417419861718,-6.321324928464034,-6.178247419476983
3.062211793707618,-1.4091624601522876,2.1594876478191605
4.907932570603471,4.872268858826656,10.899362831830508
4.1120570967220065,-4.704389245923288,-3.9857615512815916
2.4106045978532604,-3.121591071483875,-0.10839428100659865
1.9896833039429054,-5.459792170610876,-3.567489182986158
4.020180748731994,-0.7651802449052147,2.4611492014624323
2.0020557179841725,-1.6876708151006266,2.528377568551071
4.707477694647203,-0.3773675222951134,2.557457006523869
-0.03298536494590332,-1.0383912575909835,5.152700706968063
1.2265867041487677,-2.0171615700117758,2.5946392639127733
0.16469935201805685,-3.9479077960389897,0.29060938944197456
4.447183757745254,-3.6843326959143394,-2.5938391277172395
2.4015528574312737,-9.286668065783477,-10.07998844507194
2.0961316371689263,-3.531917655822548,-0.5293963557794049
0.295492725230707,2.2789046411306035,10.268000286445139
3.7373741181748694,-8.034712811337538,-9.086423333121752
3.9335077047972806,-7.29578867106206,-8.042068227961126
4.089273940503026,-10.951312344465174,-14.079212515767592
1.8095710294916105,5.3913459974472255,14.135065630817897
0.36854957064173677,3.6814132108775004,12.481570016558011
0.5914346283506073,-2.582085500892001,2.1713484968826826
2.469709235533973,-0.9996646966023643,3.280388999827835
1.832411699377088,-2.419714097267848,1.4746788168291172
1.1168058658489177,4.267556540847686,12.851757705567202
0.9616728060688311,-0.596742347824285,5.0985053890069985
0.2984328209571224,1.2314400056369876,8.57033499839663
3.9566648160848494,-6.560103816178956,-6.869216948688496
4.830541070477222,-4.8914934332616,-4.8441082003603135
3.4341600899058284,-6.798156675806933,-6.850539726067699
4.178066381767351,-10.035324722808957,-12.665275927340891
2.7229340040376497,-0.7250279586957534,3.5291228071330796
2.8588810044860433,-3.6577189216995585,-1.3227445014063637
3.1657182942556275,-1.595930258194284,1.7771638831113403
3.801900240480352,-6.032085557525437,-5.894925417034418
2.535885897118763,-7.143396302374256,-6.714820103067708
5.011283887798174,-10.846141519305942,-14.621851304400964
1.2080755511154906,3.4959375152548935,11.532273874406778
1.0151628000193778,0.4960531035083675,6.82591194646878
2.980495873922913,-8.771894226217464,-9.694410162347907
2.707606967355355,0.2544542433112451,5.1263310808089555
0.600366959138272,1.7356671950044482,9.153016096941926
1.204381370234741,-8.318374195056695,-7.587129709729114
4.514042858395089,-7.661667264105998,-9.083116246702556
4.764072499490263,-14.732538914868767,-20.721112498796998
3.383790691995654,0.3918373290787247,4.825893981717991
3.9361215755211423,-12.535778081211943,-16.525365215927312
4.944775731498865,-3.784359210760343,-3.1404589623819743
1.169985903582705,2.5879841747680943,10.092139739018357
2.496307104403618,3.491563901655784,10.52918068289596
4.174827999322814,8.602152885349545,17.503241554168778
4.891966543698347,-0.06737191119947905,2.916565668642218
3.3059485487677205,-10.43792886846964,-12.642627799471189
3.4092340849878138,-7.478803657478898,-7.932940853181462
1.8437743651510796,-6.9080097609942115,-5.798715431129976
0.9867910226655974,-0.03586313625967974,5.986905696673067
3.0649294471136606,-4.540343382830298,-2.910640909816663
2.4866511807359717,-1.722062572533409,2.098040446415504
2.2355753839222423,0.7392604500884714,6.275980408662358
2.6959109171680566,2.899794562921151,9.417035649330382
3.646578765004118,-7.683639637649718,-8.447988044677714
4.893315376067061,-5.753056781992575,-6.287141380337456
2.04399078596367,-8.805410305460743,-9.024586217607231
0.8146520620175903,-2.067401141313284,2.831816148844112
3.278915413988153,-11.659831629509593,-14.599458729451579
4.927167485241465,-14.753568875494043,-20.881250071772723
2.6371698093116023,-3.8707767986772694,-1.4961739308644157
0.07907995605098028,-8.819019521275408,-7.527415421548173
0.8624900819884859,0.24997072677869214,6.545652076241942
2.1924479775723986,-4.711123515739452,-2.5124888416270146
2.3627444590376783,-5.457630853540838,-3.8524283838868603
1.0389355168395644,2.2705841979154218,9.679729918980888
3.304663608054195,-5.420628347551871,-4.520795268814755
4.345888126933968,-2.732824237094119,-0.975440424557966
2.2601272016285336,2.2468695204493327,8.697164721900723
2.43410174920791,-9.48355004168797,-10.423820822890889
1.1754828493939637,0.15451042136724502,6.1491484118414546
0.8941229817413867,-5.889101806478467,-3.4153080122356583
1.895107095371059,-3.397937030402878,-0.1571147533451207
3.5474561321376346,-2.2922722704225142,0.3549414660041801
2.3649140567694693,-0.6750826826579295,3.8867707212442753
1.6103332531784307,0.0016489132649862293,5.565521099896322
3.7977643949387683,-9.580652377872003,-11.635322303639514
1.568442746957167,6.075717246522007,15.429198320958491
4.433453866466906,-5.56296484314402,-5.623916421386587
2.1818160764068186,-1.8077570824597744,2.1950256212472397
4.506713377713555,-7.214106907669939,-8.353042753821224
1.8411196187537384,-0.4986604476816304,4.577300978944801
4.7549928722363966,-4.362271988194344,-3.929116478049638
0.561106552709856,-0.2738692362512696,5.930800670659576
2.9432508663211565,-6.074908218449078,-5.300360033636549
0.559656100614278,-1.5807502317796254,3.8166471324668954
3.3585821737065378,-7.91650895186544,-8.602234141555877
1.065229220693873,9.221537479439382,20.909986957594352
4.041836174747387,-7.364897022042807,-8.237680420250246
2.8557236367280496,1.7651644467833167,7.456998897551382
1.2967667323335714,2.2746566634638126,9.486975676578291
4.28552711044451,-8.030819298576409,-9.50393355592151
4.5185772473511125,-7.601980916609003,-8.990015696499436
4.083670961072939,-1.1779359600689068,1.743987912900838
3.1188116421515724,-11.603571395871686,-14.384611283854374
4.160125610089524,-1.613090195031809,0.9805494752378885
4.203182310787684,-7.384145109857042,-8.393581764422729
4.125059585578242,-5.706969558928766,-5.618558417837248
3.44399520583815,-11.123718879091841,-13.859357853535954
0.5608232278029084,1.645311313881085,9.037342801055281
3.259987348827357,-5.862538052720761,-5.201513838197139
3.846995815212271,-10.878981562838398,-13.774819556947085
3.4311143082375346,-4.22844244592756,-2.688929156821278
4.139426870385924,-9.380607634637236,-11.575697514536134
1.7225516618314818,-2.784940660668175,0.9684748287362626
1.0158371320713935,5.112282773648715,14.297069433753627
2.1658629107498006,-2.079627672433336,1.7673191598671494
1.1944073852887143,2.0533072808510515,9.207847339424209
2.60015317577177,3.4446606500448125,10.372974569584805
0.906912365624977,1.0597607538660119,7.822006106676083
4.389028046777175,-11.947836320530001,-15.923912807505033
3.3185330118308007,-3.2368578009737075,-0.996938775406307
4.404132601479527,-8.4727179984379,-10.310877876337322
2.385342209807887,2.8656270192393936,9.601853707161238
0.6310711430592597,2.8915245275691137,11.000109726577065
4.64829208427865,-3.6818189259440444,-2.745260130783206
2.5091790148343125,-4.414255532317354,-2.276873023002886
0.8011914608137537,6.551248905317543,16.792089400833987
2.676411524359757,-4.9794198934844855,-3.3209277823398597
2.2937054749623806,-8.840989471568744,-9.275243892650103
3.0399716017977347,-7.34538530849405,-7.43149382085163
